--- Trigger point at line 12917 ---
09-25 23:10:07.055 I/sensors ( 1583): send_request:332, send_request start this=0xb400006fb26cf4b0x 
09-25 23:10:07.057 I/AdrenoUtils(24966): <ReadGpuID:408>: Reading chip ID through GSL
09-25 23:10:07.060 I/.github.android(24966): AssetManager2(0xb40000789b6e7338) locale list changing from [] to [zh-CN]
09-25 23:10:07.060 I/.github.android(24966): AssetManager2(0xb40000789b6e69d8) locale list changing from [] to [zh-CN]
09-25 23:10:07.084 V/WindowManagerShell( 4164): Transition requested (#15934): android.os.BinderProxy@b6afe91 TransitionRequestInfo { type = CLOSE, triggerTask = TaskInfo{userId=0 taskId=18982 effectiveUid=10216 displayId=0 isRunning=false baseIntent=Intent { act=android.intent.action.MAIN cat=[android.intent.category.LAUNCHER] flg=0x10200000 pkg=com.github.android cmp=com.github.android/.main.MainActivity } baseActivity=null topActivity=null origActivity=null realActivity=ComponentInfo{com.github.android/com.github.android.main.MainActivity} numActivities=0 lastActiveTime=299598414 supportsMultiWindow=true resizeMode=1 isResizeable=true minWidth=-1 minHeight=-1 defaultMinSize=220 token=WCT{android.window.IWindowContainerToken$Stub$Proxy@b44c1f6} topActivityType=1 pictureInPictureParams=null shouldDockBigOverlays=false launchIntoPipHostTaskId=-1 lastParentTaskIdBeforePip=-1 displayCutoutSafeInsets=Rect(0, 0 - 0, 0) topActivityInfo=null launchCookies=[android.os.BinderProxy@a557712] positionInParent=Point(0, 0) parentTaskId=-1 isFocused=true isVisible=true isVisibleRequested=true isTopActivityNoDisplay=false isSleeping=false locusId=null displayAreaFeatureId=1 isTopActivityTransparent=false isActivityStackTransparent=true lastNonFullscreenBounds=Rect(285, 718 - 795, 1798) capturedLink=null capturedLinkTimestamp=0 requestedVisibleTypes=-9 topActivityRequestOpenInBrowserEducationTimestamp=0 appCompatTaskInfo=AppCompatTaskInfo { topActivityInSizeCompat=false eligibleForLetterboxEducation= false isLetterboxEducationEnabled= false isLetterboxDoubleTapEnabled= false eligibleForUserAspectRatioButton= false topActivityBoundsLetterboxed= false isFromLetterboxDoubleTap= false topActivityLetterboxVerticalPosition= -1 topActivityLetterboxHorizontalPosition= -1 topActivityLetterboxWidth=-1 topActivityLetterboxHeight=-1 topActivityAppBounds=Rect(0, 0 - 0, 0) isUserFullscreenOverrideEnabled=false isSystemFullscreenOverrideEnabled=false hasMinAspectRatioOverride=false topActivityLetterboxBounds=null cameraCompatTaskInfo=CameraCompatTaskInfo { freeformCameraCompatMode=undefined}} topActivityMainWindowFrame=null}, pipChange = null, remoteTransition = null, displayChange = null, flags = 0, debugId = 15934 }
09-25 23:10:07.084 D/ActivityTrigger( 3025): ActivityTrigger activityPauseTrigger 
09-25 23:10:07.090 D/LiveNotifiController( 4164): handleFocusPkgNameChanged: com.meizu.flyme.launcher, isRecentsAnimationRunning: false
09-25 23:10:07.095 W/Thanox-Core( 3025): AppLaunchStateManager, aboutToLaunch: Pkg{pkgName='com.github.android', userId=0}
09-25 23:10:07.095 W/Thanox-Core( 3025): mayEnableAppOnStartActivityIntent activityPackages: [com.github.android]
09-25 23:10:07.095 W/Thanox-Core( 3025): mayEnableAppOnStartActivityIntent pkg: Pkg{pkgName='com.github.android', userId=0}
09-25 23:10:07.095 D/IntentFirewall( 3025): CHECK INTENT - ComponentName[com.github.android/.auth.SimplifiedLoginActivity], intentType[activity], intent[null], caller/callee[10216, 10216], callerPackage/calleePackage[com.github.android, com.github.android]
09-25 23:10:07.095 D/IntentFirewall( 3025): [SKIP] ifw is not enabled
09-25 23:10:07.095 W/Thanox-Core( 3025): ActivityStartInterceptor. intercept
09-25 23:10:07.096 W/Thanox-Core( 3025): ActivityStartInterceptor, callingUid: 0
09-25 23:10:07.096 W/Thanox-Core( 3025): ActivityStartInterceptor activityInfoActivityInfo{fa1e5fb com.github.android.auth.SimplifiedLoginActivity}
09-25 23:10:07.096 W/Thanox-Core( 3025): ActivityStartInterceptor, callingPackage: com.github.android
09-25 23:10:07.096 W/Thanox-Core( 3025): ActivityStartInterceptor, userId: 0
09-25 23:10:07.096 W/Thanox-Core( 3025): ActivityStartInterceptor launchOtherAppMode: 0
09-25 23:10:07.096 V/GrammaticalInflectionUtils( 3025): AttributionSource: android.content.AttributionSource@136ccc96 does not have READ_SYSTEM_GRAMMATICAL_GENDER permission.
09-25 23:10:07.096 W/OptProp ( 3025): Cannot read opt property android.window.PROPERTY_COMPAT_ALLOW_RESIZEABLE_ACTIVITY_OVERRIDES

============================================================

--- Trigger point at line 12921 ---
09-25 23:10:07.084 V/WindowManagerShell( 4164): Transition requested (#15934): android.os.BinderProxy@b6afe91 TransitionRequestInfo { type = CLOSE, triggerTask = TaskInfo{userId=0 taskId=18982 effectiveUid=10216 displayId=0 isRunning=false baseIntent=Intent { act=android.intent.action.MAIN cat=[android.intent.category.LAUNCHER] flg=0x10200000 pkg=com.github.android cmp=com.github.android/.main.MainActivity } baseActivity=null topActivity=null origActivity=null realActivity=ComponentInfo{com.github.android/com.github.android.main.MainActivity} numActivities=0 lastActiveTime=299598414 supportsMultiWindow=true resizeMode=1 isResizeable=true minWidth=-1 minHeight=-1 defaultMinSize=220 token=WCT{android.window.IWindowContainerToken$Stub$Proxy@b44c1f6} topActivityType=1 pictureInPictureParams=null shouldDockBigOverlays=false launchIntoPipHostTaskId=-1 lastParentTaskIdBeforePip=-1 displayCutoutSafeInsets=Rect(0, 0 - 0, 0) topActivityInfo=null launchCookies=[android.os.BinderProxy@a557712] positionInParent=Point(0, 0) parentTaskId=-1 isFocused=true isVisible=true isVisibleRequested=true isTopActivityNoDisplay=false isSleeping=false locusId=null displayAreaFeatureId=1 isTopActivityTransparent=false isActivityStackTransparent=true lastNonFullscreenBounds=Rect(285, 718 - 795, 1798) capturedLink=null capturedLinkTimestamp=0 requestedVisibleTypes=-9 topActivityRequestOpenInBrowserEducationTimestamp=0 appCompatTaskInfo=AppCompatTaskInfo { topActivityInSizeCompat=false eligibleForLetterboxEducation= false isLetterboxEducationEnabled= false isLetterboxDoubleTapEnabled= false eligibleForUserAspectRatioButton= false topActivityBoundsLetterboxed= false isFromLetterboxDoubleTap= false topActivityLetterboxVerticalPosition= -1 topActivityLetterboxHorizontalPosition= -1 topActivityLetterboxWidth=-1 topActivityLetterboxHeight=-1 topActivityAppBounds=Rect(0, 0 - 0, 0) isUserFullscreenOverrideEnabled=false isSystemFullscreenOverrideEnabled=false hasMinAspectRatioOverride=false topActivityLetterboxBounds=null cameraCompatTaskInfo=CameraCompatTaskInfo { freeformCameraCompatMode=undefined}} topActivityMainWindowFrame=null}, pipChange = null, remoteTransition = null, displayChange = null, flags = 0, debugId = 15934 }
09-25 23:10:07.084 D/ActivityTrigger( 3025): ActivityTrigger activityPauseTrigger 
09-25 23:10:07.090 D/LiveNotifiController( 4164): handleFocusPkgNameChanged: com.meizu.flyme.launcher, isRecentsAnimationRunning: false
09-25 23:10:07.095 W/Thanox-Core( 3025): AppLaunchStateManager, aboutToLaunch: Pkg{pkgName='com.github.android', userId=0}
09-25 23:10:07.095 W/Thanox-Core( 3025): mayEnableAppOnStartActivityIntent activityPackages: [com.github.android]
09-25 23:10:07.095 W/Thanox-Core( 3025): mayEnableAppOnStartActivityIntent pkg: Pkg{pkgName='com.github.android', userId=0}
09-25 23:10:07.095 D/IntentFirewall( 3025): CHECK INTENT - ComponentName[com.github.android/.auth.SimplifiedLoginActivity], intentType[activity], intent[null], caller/callee[10216, 10216], callerPackage/calleePackage[com.github.android, com.github.android]
09-25 23:10:07.095 D/IntentFirewall( 3025): [SKIP] ifw is not enabled
09-25 23:10:07.095 W/Thanox-Core( 3025): ActivityStartInterceptor. intercept
09-25 23:10:07.096 W/Thanox-Core( 3025): ActivityStartInterceptor, callingUid: 0
09-25 23:10:07.096 W/Thanox-Core( 3025): ActivityStartInterceptor activityInfoActivityInfo{fa1e5fb com.github.android.auth.SimplifiedLoginActivity}
09-25 23:10:07.096 W/Thanox-Core( 3025): ActivityStartInterceptor, callingPackage: com.github.android
09-25 23:10:07.096 W/Thanox-Core( 3025): ActivityStartInterceptor, userId: 0
09-25 23:10:07.096 W/Thanox-Core( 3025): ActivityStartInterceptor launchOtherAppMode: 0
09-25 23:10:07.096 V/GrammaticalInflectionUtils( 3025): AttributionSource: android.content.AttributionSource@136ccc96 does not have READ_SYSTEM_GRAMMATICAL_GENDER permission.
09-25 23:10:07.096 W/OptProp ( 3025): Cannot read opt property android.window.PROPERTY_COMPAT_ALLOW_RESIZEABLE_ACTIVITY_OVERRIDES
09-25 23:10:07.096 W/OptProp ( 3025): Cannot read opt property android.window.PROPERTY_COMPAT_ALLOW_MIN_ASPECT_RATIO_OVERRIDE
09-25 23:10:07.099 W/JobInfo (24966): Requested important-while-foreground flag for job407 is ignored and takes no effect
09-25 23:10:07.101 E/ANDR-PERF-LM( 1606): MetaMeter: handleAsync() 166: AdaptLaunch Invalid Async
09-25 23:10:07.101 E/ANDR-PERF-RESOURCEQS( 1606): ANDR-PERF-RESOURCEQS: AddAndApply() 167: Failed to apply optimization [2, 1]

============================================================

--- Trigger point at line 12943 ---
09-25 23:10:07.101 E/ANDR-PERF-RESOURCEQS( 1606): ANDR-PERF-RESOURCEQS: AddAndApply() 167: Failed to apply optimization [2, 0]
09-25 23:10:07.101 E/ANDR-PERF-RESOURCEQS( 1606): ANDR-PERF-RESOURCEQS: AddAndApply() 167: Failed to apply optimization [2, 0]
09-25 23:10:07.101 E/ANDR-PERF-RESOURCEQS( 1606): ANDR-PERF-RESOURCEQS: AddAndApply() 167: Failed to apply optimization [2, 0]
09-25 23:10:07.101 W/OptProp ( 3025): Cannot read opt property android.window.PROPERTY_COMPAT_ALLOW_ORIENTATION_OVERRIDE
09-25 23:10:07.102 E/ANDR-PERF-UTIL( 1606): ANDR-PERF-UTIL: change_node_val() 319: Failed to update node /sys/devices/system/cpu/bus_dcvs/LLCC/240b6400.qcom,bwmon-llcc/min_freq with value 1066000
09-25 23:10:07.102 E/ANDR-PERF-RESOURCEQS( 1606): ANDR-PERF-RESOURCEQS: AddAndApply() 167: Failed to apply optimization [6, 17]
09-25 23:10:07.102 E/ANDR-PERF-UTIL( 1606): ANDR-PERF-UTIL: change_node_val() 319: Failed to update node /sys/devices/system/cpu/bus_dcvs/DDR/soc:qcom,memlat:ddr:gold/min_freq with value 4200000
09-25 23:10:07.102 E/ANDR-PERF-RESOURCEQS( 1606): ANDR-PERF-RESOURCEQS: AddAndApply() 167: Failed to apply optimization [13, 34]
09-25 23:10:07.102 E/ANDR-PERF-UTIL( 1606): ANDR-PERF-UTIL: change_node_val() 319: Failed to update node /sys/devices/system/cpu/bus_dcvs/L3/soc:qcom,memlat:l3:prime/min_freq with value 1804800
09-25 23:10:07.102 E/ANDR-PERF-RESOURCEQS( 1606): ANDR-PERF-RESOURCEQS: AddAndApply() 167: Failed to apply optimization [13, 22]
09-25 23:10:07.104 D/ActivityTaskManager( 3025): showStartingWindow ActivityRecord{82777686 u0 com.github.android/.auth.SimplifiedLoginActivity t18983} startActivity true theme 7f1403e1 splashScreenTheme 0 overrideTheme 0 mLaunchSourceType 4
09-25 23:10:07.104 V/WindowManager( 3025): Checking theme of starting window: 0x7f1403e1
09-25 23:10:07.104 V/WindowManager( 3025): Translucent=false Floating=false ShowWallpaper=false Disable=false
09-25 23:10:07.104 D/AppLocker( 3025): isPopupUnlockingActivity::begin: com.github.android/com.github.android.auth.SimplifiedLoginActivity/Intent { flg=0x10000000 xflg=0x4 cmp=com.github.android/.auth.SimplifiedLoginActivity (has extras) }
09-25 23:10:07.104 D/AppLocker( 3025): isPopupUnlockingActivity::end: ,/false/false
09-25 23:10:07.104 D/ActivityTaskManager( 3025): addStartingWindow getStartingWindowType 2 ActivityRecord{82777686 u0 com.github.android/.auth.SimplifiedLoginActivity t18983} allowTaskSnapshot true newTask true taskSwitch true processRunning true activityCreated false activityAllDrawn false isSnapshotCompatible false theme 7f1403e1 resolvedTheme 7f1403e1 isActivityUnlocking false
09-25 23:10:07.104 V/WindowManager( 3025): Creating SplashScreenStartingData
09-25 23:10:07.104 V/WindowManager( 3025): Add starting ActivityRecord{82777686 u0 com.github.android/.auth.SimplifiedLoginActivity t18983}: startingData=SplashScreenStartingData{eb443eb removeAfterTransaction= 0}
09-25 23:10:07.105 V/WindowManager( 3025): Added starting ActivityRecord{82777686 u0 com.github.android/.auth.SimplifiedLoginActivity t18983}: startingWindow=null startingView=com.android.server.wm.StartingSurfaceController$StartingSurface@234b548
09-25 23:10:07.106 I/ActivityTaskManager( 3025): Add Task{b7eef67 #18982 type=standard A=10216:com.github.android} to hidden list because adding Task{741aad #18983 type=standard A=10216:com.github.android}

============================================================

--- Trigger point at line 12946 ---
09-25 23:10:07.101 W/OptProp ( 3025): Cannot read opt property android.window.PROPERTY_COMPAT_ALLOW_ORIENTATION_OVERRIDE
09-25 23:10:07.102 E/ANDR-PERF-UTIL( 1606): ANDR-PERF-UTIL: change_node_val() 319: Failed to update node /sys/devices/system/cpu/bus_dcvs/LLCC/240b6400.qcom,bwmon-llcc/min_freq with value 1066000
09-25 23:10:07.102 E/ANDR-PERF-RESOURCEQS( 1606): ANDR-PERF-RESOURCEQS: AddAndApply() 167: Failed to apply optimization [6, 17]
09-25 23:10:07.102 E/ANDR-PERF-UTIL( 1606): ANDR-PERF-UTIL: change_node_val() 319: Failed to update node /sys/devices/system/cpu/bus_dcvs/DDR/soc:qcom,memlat:ddr:gold/min_freq with value 4200000
09-25 23:10:07.102 E/ANDR-PERF-RESOURCEQS( 1606): ANDR-PERF-RESOURCEQS: AddAndApply() 167: Failed to apply optimization [13, 34]
09-25 23:10:07.102 E/ANDR-PERF-UTIL( 1606): ANDR-PERF-UTIL: change_node_val() 319: Failed to update node /sys/devices/system/cpu/bus_dcvs/L3/soc:qcom,memlat:l3:prime/min_freq with value 1804800
09-25 23:10:07.102 E/ANDR-PERF-RESOURCEQS( 1606): ANDR-PERF-RESOURCEQS: AddAndApply() 167: Failed to apply optimization [13, 22]
09-25 23:10:07.104 D/ActivityTaskManager( 3025): showStartingWindow ActivityRecord{82777686 u0 com.github.android/.auth.SimplifiedLoginActivity t18983} startActivity true theme 7f1403e1 splashScreenTheme 0 overrideTheme 0 mLaunchSourceType 4
09-25 23:10:07.104 V/WindowManager( 3025): Checking theme of starting window: 0x7f1403e1
09-25 23:10:07.104 V/WindowManager( 3025): Translucent=false Floating=false ShowWallpaper=false Disable=false
09-25 23:10:07.104 D/AppLocker( 3025): isPopupUnlockingActivity::begin: com.github.android/com.github.android.auth.SimplifiedLoginActivity/Intent { flg=0x10000000 xflg=0x4 cmp=com.github.android/.auth.SimplifiedLoginActivity (has extras) }
09-25 23:10:07.104 D/AppLocker( 3025): isPopupUnlockingActivity::end: ,/false/false
09-25 23:10:07.104 D/ActivityTaskManager( 3025): addStartingWindow getStartingWindowType 2 ActivityRecord{82777686 u0 com.github.android/.auth.SimplifiedLoginActivity t18983} allowTaskSnapshot true newTask true taskSwitch true processRunning true activityCreated false activityAllDrawn false isSnapshotCompatible false theme 7f1403e1 resolvedTheme 7f1403e1 isActivityUnlocking false
09-25 23:10:07.104 V/WindowManager( 3025): Creating SplashScreenStartingData
09-25 23:10:07.104 V/WindowManager( 3025): Add starting ActivityRecord{82777686 u0 com.github.android/.auth.SimplifiedLoginActivity t18983}: startingData=SplashScreenStartingData{eb443eb removeAfterTransaction= 0}
09-25 23:10:07.105 V/WindowManager( 3025): Added starting ActivityRecord{82777686 u0 com.github.android/.auth.SimplifiedLoginActivity t18983}: startingWindow=null startingView=com.android.server.wm.StartingSurfaceController$StartingSurface@234b548
09-25 23:10:07.106 I/ActivityTaskManager( 3025): Add Task{b7eef67 #18982 type=standard A=10216:com.github.android} to hidden list because adding Task{741aad #18983 type=standard A=10216:com.github.android}
09-25 23:10:07.106 I/ActivityTaskManager( 3025): START u0 {flg=0x10000000 xflg=0x4 cmp=com.github.android/.auth.SimplifiedLoginActivity (has extras)} with LAUNCH_MULTIPLE from uid 10216 pid 24966 callingPackage com.github.android (sr=40955738) (BAL_ALLOW_VISIBLE_WINDOW) result code=0 moveToFront=transientHide
09-25 23:10:07.107 V/ShellStartingWindow( 4164): preferredStartingWindowType newTask=true, taskSwitch=true, processRunning=true, allowTaskSnapshot=true, activityCreated=false, isSolidColorSplashScreen=true, legacySplashScreen=false, activityDrawn=false, windowless=false, topIsHome=false
09-25 23:10:07.107 V/ShellStartingWindow( 4164): addSplashScreen for package: com.github.android with theme: 7f1403e1 for task: 18983, suggestType: 3

============================================================

--- Trigger point at line 12948 ---
09-25 23:10:07.102 E/ANDR-PERF-RESOURCEQS( 1606): ANDR-PERF-RESOURCEQS: AddAndApply() 167: Failed to apply optimization [6, 17]
09-25 23:10:07.102 E/ANDR-PERF-UTIL( 1606): ANDR-PERF-UTIL: change_node_val() 319: Failed to update node /sys/devices/system/cpu/bus_dcvs/DDR/soc:qcom,memlat:ddr:gold/min_freq with value 4200000
09-25 23:10:07.102 E/ANDR-PERF-RESOURCEQS( 1606): ANDR-PERF-RESOURCEQS: AddAndApply() 167: Failed to apply optimization [13, 34]
09-25 23:10:07.102 E/ANDR-PERF-UTIL( 1606): ANDR-PERF-UTIL: change_node_val() 319: Failed to update node /sys/devices/system/cpu/bus_dcvs/L3/soc:qcom,memlat:l3:prime/min_freq with value 1804800
09-25 23:10:07.102 E/ANDR-PERF-RESOURCEQS( 1606): ANDR-PERF-RESOURCEQS: AddAndApply() 167: Failed to apply optimization [13, 22]
09-25 23:10:07.104 D/ActivityTaskManager( 3025): showStartingWindow ActivityRecord{82777686 u0 com.github.android/.auth.SimplifiedLoginActivity t18983} startActivity true theme 7f1403e1 splashScreenTheme 0 overrideTheme 0 mLaunchSourceType 4
09-25 23:10:07.104 V/WindowManager( 3025): Checking theme of starting window: 0x7f1403e1
09-25 23:10:07.104 V/WindowManager( 3025): Translucent=false Floating=false ShowWallpaper=false Disable=false
09-25 23:10:07.104 D/AppLocker( 3025): isPopupUnlockingActivity::begin: com.github.android/com.github.android.auth.SimplifiedLoginActivity/Intent { flg=0x10000000 xflg=0x4 cmp=com.github.android/.auth.SimplifiedLoginActivity (has extras) }
09-25 23:10:07.104 D/AppLocker( 3025): isPopupUnlockingActivity::end: ,/false/false
09-25 23:10:07.104 D/ActivityTaskManager( 3025): addStartingWindow getStartingWindowType 2 ActivityRecord{82777686 u0 com.github.android/.auth.SimplifiedLoginActivity t18983} allowTaskSnapshot true newTask true taskSwitch true processRunning true activityCreated false activityAllDrawn false isSnapshotCompatible false theme 7f1403e1 resolvedTheme 7f1403e1 isActivityUnlocking false
09-25 23:10:07.104 V/WindowManager( 3025): Creating SplashScreenStartingData
09-25 23:10:07.104 V/WindowManager( 3025): Add starting ActivityRecord{82777686 u0 com.github.android/.auth.SimplifiedLoginActivity t18983}: startingData=SplashScreenStartingData{eb443eb removeAfterTransaction= 0}
09-25 23:10:07.105 V/WindowManager( 3025): Added starting ActivityRecord{82777686 u0 com.github.android/.auth.SimplifiedLoginActivity t18983}: startingWindow=null startingView=com.android.server.wm.StartingSurfaceController$StartingSurface@234b548
09-25 23:10:07.106 I/ActivityTaskManager( 3025): Add Task{b7eef67 #18982 type=standard A=10216:com.github.android} to hidden list because adding Task{741aad #18983 type=standard A=10216:com.github.android}
09-25 23:10:07.106 I/ActivityTaskManager( 3025): START u0 {flg=0x10000000 xflg=0x4 cmp=com.github.android/.auth.SimplifiedLoginActivity (has extras)} with LAUNCH_MULTIPLE from uid 10216 pid 24966 callingPackage com.github.android (sr=40955738) (BAL_ALLOW_VISIBLE_WINDOW) result code=0 moveToFront=transientHide
09-25 23:10:07.107 V/ShellStartingWindow( 4164): preferredStartingWindowType newTask=true, taskSwitch=true, processRunning=true, allowTaskSnapshot=true, activityCreated=false, isSolidColorSplashScreen=true, legacySplashScreen=false, activityDrawn=false, windowless=false, topIsHome=false
09-25 23:10:07.107 V/ShellStartingWindow( 4164): addSplashScreen for package: com.github.android with theme: 7f1403e1 for task: 18983, suggestType: 3
09-25 23:10:07.108 I/NotificationShadeWindowController( 4164): isWakeAndUnlock = false, isKeyguardGoingAway =false
09-25 23:10:07.108 D/NotificationShadeWindowController( 4164): forceFaceRecognitionBrightness false,mScreenBrightnessFaceRecognition 0.0

============================================================

--- Trigger point at line 12950 ---
09-25 23:10:07.102 E/ANDR-PERF-RESOURCEQS( 1606): ANDR-PERF-RESOURCEQS: AddAndApply() 167: Failed to apply optimization [13, 34]
09-25 23:10:07.102 E/ANDR-PERF-UTIL( 1606): ANDR-PERF-UTIL: change_node_val() 319: Failed to update node /sys/devices/system/cpu/bus_dcvs/L3/soc:qcom,memlat:l3:prime/min_freq with value 1804800
09-25 23:10:07.102 E/ANDR-PERF-RESOURCEQS( 1606): ANDR-PERF-RESOURCEQS: AddAndApply() 167: Failed to apply optimization [13, 22]
09-25 23:10:07.104 D/ActivityTaskManager( 3025): showStartingWindow ActivityRecord{82777686 u0 com.github.android/.auth.SimplifiedLoginActivity t18983} startActivity true theme 7f1403e1 splashScreenTheme 0 overrideTheme 0 mLaunchSourceType 4
09-25 23:10:07.104 V/WindowManager( 3025): Checking theme of starting window: 0x7f1403e1
09-25 23:10:07.104 V/WindowManager( 3025): Translucent=false Floating=false ShowWallpaper=false Disable=false
09-25 23:10:07.104 D/AppLocker( 3025): isPopupUnlockingActivity::begin: com.github.android/com.github.android.auth.SimplifiedLoginActivity/Intent { flg=0x10000000 xflg=0x4 cmp=com.github.android/.auth.SimplifiedLoginActivity (has extras) }
09-25 23:10:07.104 D/AppLocker( 3025): isPopupUnlockingActivity::end: ,/false/false
09-25 23:10:07.104 D/ActivityTaskManager( 3025): addStartingWindow getStartingWindowType 2 ActivityRecord{82777686 u0 com.github.android/.auth.SimplifiedLoginActivity t18983} allowTaskSnapshot true newTask true taskSwitch true processRunning true activityCreated false activityAllDrawn false isSnapshotCompatible false theme 7f1403e1 resolvedTheme 7f1403e1 isActivityUnlocking false
09-25 23:10:07.104 V/WindowManager( 3025): Creating SplashScreenStartingData
09-25 23:10:07.104 V/WindowManager( 3025): Add starting ActivityRecord{82777686 u0 com.github.android/.auth.SimplifiedLoginActivity t18983}: startingData=SplashScreenStartingData{eb443eb removeAfterTransaction= 0}
09-25 23:10:07.105 V/WindowManager( 3025): Added starting ActivityRecord{82777686 u0 com.github.android/.auth.SimplifiedLoginActivity t18983}: startingWindow=null startingView=com.android.server.wm.StartingSurfaceController$StartingSurface@234b548
09-25 23:10:07.106 I/ActivityTaskManager( 3025): Add Task{b7eef67 #18982 type=standard A=10216:com.github.android} to hidden list because adding Task{741aad #18983 type=standard A=10216:com.github.android}
09-25 23:10:07.106 I/ActivityTaskManager( 3025): START u0 {flg=0x10000000 xflg=0x4 cmp=com.github.android/.auth.SimplifiedLoginActivity (has extras)} with LAUNCH_MULTIPLE from uid 10216 pid 24966 callingPackage com.github.android (sr=40955738) (BAL_ALLOW_VISIBLE_WINDOW) result code=0 moveToFront=transientHide
09-25 23:10:07.107 V/ShellStartingWindow( 4164): preferredStartingWindowType newTask=true, taskSwitch=true, processRunning=true, allowTaskSnapshot=true, activityCreated=false, isSolidColorSplashScreen=true, legacySplashScreen=false, activityDrawn=false, windowless=false, topIsHome=false
09-25 23:10:07.107 V/ShellStartingWindow( 4164): addSplashScreen for package: com.github.android with theme: 7f1403e1 for task: 18983, suggestType: 3
09-25 23:10:07.108 I/NotificationShadeWindowController( 4164): isWakeAndUnlock = false, isKeyguardGoingAway =false
09-25 23:10:07.108 D/NotificationShadeWindowController( 4164): forceFaceRecognitionBrightness false,mScreenBrightnessFaceRecognition 0.0
09-25 23:10:07.108 V/ShellStartingWindow( 4164): getWindowAttrs: window attributes color: 0, replace icon: false
09-25 23:10:07.110 D/Choreographer(24966): [initialEmsConfig] failed to get config, timeout

============================================================

--- Trigger point at line 12951 ---
09-25 23:10:07.102 E/ANDR-PERF-UTIL( 1606): ANDR-PERF-UTIL: change_node_val() 319: Failed to update node /sys/devices/system/cpu/bus_dcvs/L3/soc:qcom,memlat:l3:prime/min_freq with value 1804800
09-25 23:10:07.102 E/ANDR-PERF-RESOURCEQS( 1606): ANDR-PERF-RESOURCEQS: AddAndApply() 167: Failed to apply optimization [13, 22]
09-25 23:10:07.104 D/ActivityTaskManager( 3025): showStartingWindow ActivityRecord{82777686 u0 com.github.android/.auth.SimplifiedLoginActivity t18983} startActivity true theme 7f1403e1 splashScreenTheme 0 overrideTheme 0 mLaunchSourceType 4
09-25 23:10:07.104 V/WindowManager( 3025): Checking theme of starting window: 0x7f1403e1
09-25 23:10:07.104 V/WindowManager( 3025): Translucent=false Floating=false ShowWallpaper=false Disable=false
09-25 23:10:07.104 D/AppLocker( 3025): isPopupUnlockingActivity::begin: com.github.android/com.github.android.auth.SimplifiedLoginActivity/Intent { flg=0x10000000 xflg=0x4 cmp=com.github.android/.auth.SimplifiedLoginActivity (has extras) }
09-25 23:10:07.104 D/AppLocker( 3025): isPopupUnlockingActivity::end: ,/false/false
09-25 23:10:07.104 D/ActivityTaskManager( 3025): addStartingWindow getStartingWindowType 2 ActivityRecord{82777686 u0 com.github.android/.auth.SimplifiedLoginActivity t18983} allowTaskSnapshot true newTask true taskSwitch true processRunning true activityCreated false activityAllDrawn false isSnapshotCompatible false theme 7f1403e1 resolvedTheme 7f1403e1 isActivityUnlocking false
09-25 23:10:07.104 V/WindowManager( 3025): Creating SplashScreenStartingData
09-25 23:10:07.104 V/WindowManager( 3025): Add starting ActivityRecord{82777686 u0 com.github.android/.auth.SimplifiedLoginActivity t18983}: startingData=SplashScreenStartingData{eb443eb removeAfterTransaction= 0}
09-25 23:10:07.105 V/WindowManager( 3025): Added starting ActivityRecord{82777686 u0 com.github.android/.auth.SimplifiedLoginActivity t18983}: startingWindow=null startingView=com.android.server.wm.StartingSurfaceController$StartingSurface@234b548
09-25 23:10:07.106 I/ActivityTaskManager( 3025): Add Task{b7eef67 #18982 type=standard A=10216:com.github.android} to hidden list because adding Task{741aad #18983 type=standard A=10216:com.github.android}
09-25 23:10:07.106 I/ActivityTaskManager( 3025): START u0 {flg=0x10000000 xflg=0x4 cmp=com.github.android/.auth.SimplifiedLoginActivity (has extras)} with LAUNCH_MULTIPLE from uid 10216 pid 24966 callingPackage com.github.android (sr=40955738) (BAL_ALLOW_VISIBLE_WINDOW) result code=0 moveToFront=transientHide
09-25 23:10:07.107 V/ShellStartingWindow( 4164): preferredStartingWindowType newTask=true, taskSwitch=true, processRunning=true, allowTaskSnapshot=true, activityCreated=false, isSolidColorSplashScreen=true, legacySplashScreen=false, activityDrawn=false, windowless=false, topIsHome=false
09-25 23:10:07.107 V/ShellStartingWindow( 4164): addSplashScreen for package: com.github.android with theme: 7f1403e1 for task: 18983, suggestType: 3
09-25 23:10:07.108 I/NotificationShadeWindowController( 4164): isWakeAndUnlock = false, isKeyguardGoingAway =false
09-25 23:10:07.108 D/NotificationShadeWindowController( 4164): forceFaceRecognitionBrightness false,mScreenBrightnessFaceRecognition 0.0
09-25 23:10:07.108 V/ShellStartingWindow( 4164): getWindowAttrs: window attributes color: 0, replace icon: false
09-25 23:10:07.110 D/Choreographer(24966): [initialEmsConfig] failed to get config, timeout
09-25 23:10:07.110 D/Choreographer(24966): [doFrame] failed to initial ems config.

============================================================

--- Trigger point at line 12953 ---
09-25 23:10:07.104 D/ActivityTaskManager( 3025): showStartingWindow ActivityRecord{82777686 u0 com.github.android/.auth.SimplifiedLoginActivity t18983} startActivity true theme 7f1403e1 splashScreenTheme 0 overrideTheme 0 mLaunchSourceType 4
09-25 23:10:07.104 V/WindowManager( 3025): Checking theme of starting window: 0x7f1403e1
09-25 23:10:07.104 V/WindowManager( 3025): Translucent=false Floating=false ShowWallpaper=false Disable=false
09-25 23:10:07.104 D/AppLocker( 3025): isPopupUnlockingActivity::begin: com.github.android/com.github.android.auth.SimplifiedLoginActivity/Intent { flg=0x10000000 xflg=0x4 cmp=com.github.android/.auth.SimplifiedLoginActivity (has extras) }
09-25 23:10:07.104 D/AppLocker( 3025): isPopupUnlockingActivity::end: ,/false/false
09-25 23:10:07.104 D/ActivityTaskManager( 3025): addStartingWindow getStartingWindowType 2 ActivityRecord{82777686 u0 com.github.android/.auth.SimplifiedLoginActivity t18983} allowTaskSnapshot true newTask true taskSwitch true processRunning true activityCreated false activityAllDrawn false isSnapshotCompatible false theme 7f1403e1 resolvedTheme 7f1403e1 isActivityUnlocking false
09-25 23:10:07.104 V/WindowManager( 3025): Creating SplashScreenStartingData
09-25 23:10:07.104 V/WindowManager( 3025): Add starting ActivityRecord{82777686 u0 com.github.android/.auth.SimplifiedLoginActivity t18983}: startingData=SplashScreenStartingData{eb443eb removeAfterTransaction= 0}
09-25 23:10:07.105 V/WindowManager( 3025): Added starting ActivityRecord{82777686 u0 com.github.android/.auth.SimplifiedLoginActivity t18983}: startingWindow=null startingView=com.android.server.wm.StartingSurfaceController$StartingSurface@234b548
09-25 23:10:07.106 I/ActivityTaskManager( 3025): Add Task{b7eef67 #18982 type=standard A=10216:com.github.android} to hidden list because adding Task{741aad #18983 type=standard A=10216:com.github.android}
09-25 23:10:07.106 I/ActivityTaskManager( 3025): START u0 {flg=0x10000000 xflg=0x4 cmp=com.github.android/.auth.SimplifiedLoginActivity (has extras)} with LAUNCH_MULTIPLE from uid 10216 pid 24966 callingPackage com.github.android (sr=40955738) (BAL_ALLOW_VISIBLE_WINDOW) result code=0 moveToFront=transientHide
09-25 23:10:07.107 V/ShellStartingWindow( 4164): preferredStartingWindowType newTask=true, taskSwitch=true, processRunning=true, allowTaskSnapshot=true, activityCreated=false, isSolidColorSplashScreen=true, legacySplashScreen=false, activityDrawn=false, windowless=false, topIsHome=false
09-25 23:10:07.107 V/ShellStartingWindow( 4164): addSplashScreen for package: com.github.android with theme: 7f1403e1 for task: 18983, suggestType: 3
09-25 23:10:07.108 I/NotificationShadeWindowController( 4164): isWakeAndUnlock = false, isKeyguardGoingAway =false
09-25 23:10:07.108 D/NotificationShadeWindowController( 4164): forceFaceRecognitionBrightness false,mScreenBrightnessFaceRecognition 0.0
09-25 23:10:07.108 V/ShellStartingWindow( 4164): getWindowAttrs: window attributes color: 0, replace icon: false
09-25 23:10:07.110 D/Choreographer(24966): [initialEmsConfig] failed to get config, timeout
09-25 23:10:07.110 D/Choreographer(24966): [doFrame] failed to initial ems config.
09-25 23:10:07.114 V/WindowManager( 3025): addWindow: ActivityRecord{82777686 u0 com.github.android/.auth.SimplifiedLoginActivity t18983} startingWindow=Window{6fae560 u0 Splash Screen com.github.android}
09-25 23:10:07.120 D/FolderRecommendAppView( 4722): hide: 

============================================================

--- Trigger point at line 12961 ---
09-25 23:10:07.105 V/WindowManager( 3025): Added starting ActivityRecord{82777686 u0 com.github.android/.auth.SimplifiedLoginActivity t18983}: startingWindow=null startingView=com.android.server.wm.StartingSurfaceController$StartingSurface@234b548
09-25 23:10:07.106 I/ActivityTaskManager( 3025): Add Task{b7eef67 #18982 type=standard A=10216:com.github.android} to hidden list because adding Task{741aad #18983 type=standard A=10216:com.github.android}
09-25 23:10:07.106 I/ActivityTaskManager( 3025): START u0 {flg=0x10000000 xflg=0x4 cmp=com.github.android/.auth.SimplifiedLoginActivity (has extras)} with LAUNCH_MULTIPLE from uid 10216 pid 24966 callingPackage com.github.android (sr=40955738) (BAL_ALLOW_VISIBLE_WINDOW) result code=0 moveToFront=transientHide
09-25 23:10:07.107 V/ShellStartingWindow( 4164): preferredStartingWindowType newTask=true, taskSwitch=true, processRunning=true, allowTaskSnapshot=true, activityCreated=false, isSolidColorSplashScreen=true, legacySplashScreen=false, activityDrawn=false, windowless=false, topIsHome=false
09-25 23:10:07.107 V/ShellStartingWindow( 4164): addSplashScreen for package: com.github.android with theme: 7f1403e1 for task: 18983, suggestType: 3
09-25 23:10:07.108 I/NotificationShadeWindowController( 4164): isWakeAndUnlock = false, isKeyguardGoingAway =false
09-25 23:10:07.108 D/NotificationShadeWindowController( 4164): forceFaceRecognitionBrightness false,mScreenBrightnessFaceRecognition 0.0
09-25 23:10:07.108 V/ShellStartingWindow( 4164): getWindowAttrs: window attributes color: 0, replace icon: false
09-25 23:10:07.110 D/Choreographer(24966): [initialEmsConfig] failed to get config, timeout
09-25 23:10:07.110 D/Choreographer(24966): [doFrame] failed to initial ems config.
09-25 23:10:07.114 V/WindowManager( 3025): addWindow: ActivityRecord{82777686 u0 com.github.android/.auth.SimplifiedLoginActivity t18983} startingWindow=Window{6fae560 u0 Splash Screen com.github.android}
09-25 23:10:07.120 D/FolderRecommendAppView( 4722): hide: 
09-25 23:10:07.120 D/FolderRecommendAppView( 4722): animateTranslation: targetY=473.0
09-25 23:10:07.122 D/IntentFirewall( 3025): CHECK INTENT - ComponentName[com.google.android.gms/.chimera.PersistentApiService], intentType[service], intent[com.google.android.gms.phenotype.service.START], caller/callee[10216, 10110], callerPackage/calleePackage[com.github.android, com.google.android.gms]
09-25 23:10:07.122 D/IntentFirewall( 3025): [SKIP] ifw is not enabled
09-25 23:10:07.126 V/NetworkPolicy( 3025): 10110 state changed to BTOP,seq=4397678,cap=LCMNFUAT
09-25 23:10:07.128 I/BroadcastQueue( 3025): BOOT_COMPLETED_BROADCAST_COMPLETION_LATENCY_REPORTED action:android.intent.action.BOOT_COMPLETED dispatchLatency:1 completeLatency:340 dispatchRealLatency:1 completeRealLatency:340 receiversSize:1 userId:0 userType:android.os.usertype.full.SYSTEM
09-25 23:10:07.131 W/libc    ( 4164): Access denied finding property "vendor.display.enable_optimal_refresh_rate"
09-25 23:10:07.131 D/AppLocker( 3025): isPopupUnlockingActivity::begin: com.github.android/com.github.android.auth.SimplifiedLoginActivity/Intent { flg=0x10000000 xflg=0x4 cmp=com.github.android/.auth.SimplifiedLoginActivity (has extras) }
09-25 23:10:07.131 D/AppLocker( 3025): isPopupUnlockingActivity::end: ,/false/false

============================================================

--- Trigger point at line 12969 ---
09-25 23:10:07.110 D/Choreographer(24966): [initialEmsConfig] failed to get config, timeout
09-25 23:10:07.110 D/Choreographer(24966): [doFrame] failed to initial ems config.
09-25 23:10:07.114 V/WindowManager( 3025): addWindow: ActivityRecord{82777686 u0 com.github.android/.auth.SimplifiedLoginActivity t18983} startingWindow=Window{6fae560 u0 Splash Screen com.github.android}
09-25 23:10:07.120 D/FolderRecommendAppView( 4722): hide: 
09-25 23:10:07.120 D/FolderRecommendAppView( 4722): animateTranslation: targetY=473.0
09-25 23:10:07.122 D/IntentFirewall( 3025): CHECK INTENT - ComponentName[com.google.android.gms/.chimera.PersistentApiService], intentType[service], intent[com.google.android.gms.phenotype.service.START], caller/callee[10216, 10110], callerPackage/calleePackage[com.github.android, com.google.android.gms]
09-25 23:10:07.122 D/IntentFirewall( 3025): [SKIP] ifw is not enabled
09-25 23:10:07.126 V/NetworkPolicy( 3025): 10110 state changed to BTOP,seq=4397678,cap=LCMNFUAT
09-25 23:10:07.128 I/BroadcastQueue( 3025): BOOT_COMPLETED_BROADCAST_COMPLETION_LATENCY_REPORTED action:android.intent.action.BOOT_COMPLETED dispatchLatency:1 completeLatency:340 dispatchRealLatency:1 completeRealLatency:340 receiversSize:1 userId:0 userType:android.os.usertype.full.SYSTEM
09-25 23:10:07.131 W/libc    ( 4164): Access denied finding property "vendor.display.enable_optimal_refresh_rate"
09-25 23:10:07.131 D/AppLocker( 3025): isPopupUnlockingActivity::begin: com.github.android/com.github.android.auth.SimplifiedLoginActivity/Intent { flg=0x10000000 xflg=0x4 cmp=com.github.android/.auth.SimplifiedLoginActivity (has extras) }
09-25 23:10:07.131 D/AppLocker( 3025): isPopupUnlockingActivity::end: ,/false/false
09-25 23:10:07.131 I/ActivityTaskManager( 3025): The Process com.github.android Already Exists in BG. So sending its PID: 24966
09-25 23:10:07.131 W/libc    ( 4164): Access denied finding property "vendor.display.enable_optimal_refresh_rate"
09-25 23:10:07.132 D/AppLocker( 3025): isPopupUnlockingActivity::begin: com.github.android/com.github.android.auth.SimplifiedLoginActivity/Intent { flg=0x10000000 xflg=0x4 cmp=com.github.android/.auth.SimplifiedLoginActivity (has extras) }
09-25 23:10:07.132 D/AppLocker( 3025): isPopupUnlockingActivity::end: ,/false/false
09-25 23:10:07.132 E/ANDR-PERF-LM( 1606): MetaMeter: handleAsync() 166: AdaptLaunch Invalid Async
09-25 23:10:07.134 V/NetworkPolicy( 3025): 10216 state changed to TOP ,seq=4397679,cap=LCMNFUAT
09-25 23:10:07.134 D/AppLocker( 3025): isPopupUnlockingActivity::begin: com.github.android/com.github.android.auth.SimplifiedLoginActivity/Intent { flg=0x10000000 xflg=0x4 cmp=com.github.android/.auth.SimplifiedLoginActivity (has extras) }
09-25 23:10:07.134 D/AppLocker( 3025): isPopupUnlockingActivity::end: ,/false/false

============================================================

--- Trigger point at line 12973 ---
09-25 23:10:07.120 D/FolderRecommendAppView( 4722): animateTranslation: targetY=473.0
09-25 23:10:07.122 D/IntentFirewall( 3025): CHECK INTENT - ComponentName[com.google.android.gms/.chimera.PersistentApiService], intentType[service], intent[com.google.android.gms.phenotype.service.START], caller/callee[10216, 10110], callerPackage/calleePackage[com.github.android, com.google.android.gms]
09-25 23:10:07.122 D/IntentFirewall( 3025): [SKIP] ifw is not enabled
09-25 23:10:07.126 V/NetworkPolicy( 3025): 10110 state changed to BTOP,seq=4397678,cap=LCMNFUAT
09-25 23:10:07.128 I/BroadcastQueue( 3025): BOOT_COMPLETED_BROADCAST_COMPLETION_LATENCY_REPORTED action:android.intent.action.BOOT_COMPLETED dispatchLatency:1 completeLatency:340 dispatchRealLatency:1 completeRealLatency:340 receiversSize:1 userId:0 userType:android.os.usertype.full.SYSTEM
09-25 23:10:07.131 W/libc    ( 4164): Access denied finding property "vendor.display.enable_optimal_refresh_rate"
09-25 23:10:07.131 D/AppLocker( 3025): isPopupUnlockingActivity::begin: com.github.android/com.github.android.auth.SimplifiedLoginActivity/Intent { flg=0x10000000 xflg=0x4 cmp=com.github.android/.auth.SimplifiedLoginActivity (has extras) }
09-25 23:10:07.131 D/AppLocker( 3025): isPopupUnlockingActivity::end: ,/false/false
09-25 23:10:07.131 I/ActivityTaskManager( 3025): The Process com.github.android Already Exists in BG. So sending its PID: 24966
09-25 23:10:07.131 W/libc    ( 4164): Access denied finding property "vendor.display.enable_optimal_refresh_rate"
09-25 23:10:07.132 D/AppLocker( 3025): isPopupUnlockingActivity::begin: com.github.android/com.github.android.auth.SimplifiedLoginActivity/Intent { flg=0x10000000 xflg=0x4 cmp=com.github.android/.auth.SimplifiedLoginActivity (has extras) }
09-25 23:10:07.132 D/AppLocker( 3025): isPopupUnlockingActivity::end: ,/false/false
09-25 23:10:07.132 E/ANDR-PERF-LM( 1606): MetaMeter: handleAsync() 166: AdaptLaunch Invalid Async
09-25 23:10:07.134 V/NetworkPolicy( 3025): 10216 state changed to TOP ,seq=4397679,cap=LCMNFUAT
09-25 23:10:07.134 D/AppLocker( 3025): isPopupUnlockingActivity::begin: com.github.android/com.github.android.auth.SimplifiedLoginActivity/Intent { flg=0x10000000 xflg=0x4 cmp=com.github.android/.auth.SimplifiedLoginActivity (has extras) }
09-25 23:10:07.134 D/AppLocker( 3025): isPopupUnlockingActivity::end: ,/false/false
09-25 23:10:07.136 I/ActivityManager( 3025): updateOomAdj start time is before than pendingPid added, don't delete it
09-25 23:10:07.136 D/WindowManagerShell( 4164): onKeepClearAreasChanged: restricted={Rect(0, 2109 - 1080, 2356)}, unrestricted={}
09-25 23:10:07.138 D/MzMobileDataTurboTracker(26308):  
09-25 23:10:07.138 D/AppEventMonitor( 8006): state: pause, windowingMode: 1, displayId: 0, packageName: com.github.android, className: com.github.android.main.MainActivity

============================================================

--- Trigger point at line 12977 ---
09-25 23:10:07.128 I/BroadcastQueue( 3025): BOOT_COMPLETED_BROADCAST_COMPLETION_LATENCY_REPORTED action:android.intent.action.BOOT_COMPLETED dispatchLatency:1 completeLatency:340 dispatchRealLatency:1 completeRealLatency:340 receiversSize:1 userId:0 userType:android.os.usertype.full.SYSTEM
09-25 23:10:07.131 W/libc    ( 4164): Access denied finding property "vendor.display.enable_optimal_refresh_rate"
09-25 23:10:07.131 D/AppLocker( 3025): isPopupUnlockingActivity::begin: com.github.android/com.github.android.auth.SimplifiedLoginActivity/Intent { flg=0x10000000 xflg=0x4 cmp=com.github.android/.auth.SimplifiedLoginActivity (has extras) }
09-25 23:10:07.131 D/AppLocker( 3025): isPopupUnlockingActivity::end: ,/false/false
09-25 23:10:07.131 I/ActivityTaskManager( 3025): The Process com.github.android Already Exists in BG. So sending its PID: 24966
09-25 23:10:07.131 W/libc    ( 4164): Access denied finding property "vendor.display.enable_optimal_refresh_rate"
09-25 23:10:07.132 D/AppLocker( 3025): isPopupUnlockingActivity::begin: com.github.android/com.github.android.auth.SimplifiedLoginActivity/Intent { flg=0x10000000 xflg=0x4 cmp=com.github.android/.auth.SimplifiedLoginActivity (has extras) }
09-25 23:10:07.132 D/AppLocker( 3025): isPopupUnlockingActivity::end: ,/false/false
09-25 23:10:07.132 E/ANDR-PERF-LM( 1606): MetaMeter: handleAsync() 166: AdaptLaunch Invalid Async
09-25 23:10:07.134 V/NetworkPolicy( 3025): 10216 state changed to TOP ,seq=4397679,cap=LCMNFUAT
09-25 23:10:07.134 D/AppLocker( 3025): isPopupUnlockingActivity::begin: com.github.android/com.github.android.auth.SimplifiedLoginActivity/Intent { flg=0x10000000 xflg=0x4 cmp=com.github.android/.auth.SimplifiedLoginActivity (has extras) }
09-25 23:10:07.134 D/AppLocker( 3025): isPopupUnlockingActivity::end: ,/false/false
09-25 23:10:07.136 I/ActivityManager( 3025): updateOomAdj start time is before than pendingPid added, don't delete it
09-25 23:10:07.136 D/WindowManagerShell( 4164): onKeepClearAreasChanged: restricted={Rect(0, 2109 - 1080, 2356)}, unrestricted={}
09-25 23:10:07.138 D/MzMobileDataTurboTracker(26308):  
09-25 23:10:07.138 D/AppEventMonitor( 8006): state: pause, windowingMode: 1, displayId: 0, packageName: com.github.android, className: com.github.android.main.MainActivity
09-25 23:10:07.138 D/MzMobileDataTurboTracker(26308):  
09-25 23:10:07.138 D/MzMobileDataTurboTracker(26308): uid = 10216 state = pause
09-25 23:10:07.138 D/MzMobileDataTurboTracker(26308): packageName = com.github.android mClassName = com.github.android.main.MainActivity
09-25 23:10:07.138 D/MzMobileDataTurboTracker(26308): mWindowingMode = 1

============================================================

--- Trigger point at line 12997 ---
09-25 23:10:07.138 D/MzMobileDataTurboTracker(26308): removeActivityFromUIDInfo: uid = 10216
09-25 23:10:07.138 D/MzMobileDataTurboTracker(26308): Activity =  mPackageName:com.github.android mState:pause mClassName:com.github.android.main.MainActivity mTaskId:18982 mPid:24966 mUID:10216 mWindowingMode:1
09-25 23:10:07.138 D/MzMobileDataTurboTracker(26308): activity: com.github.android:com.github.android.main.MainActivity remove success
09-25 23:10:07.138 D/MzMobileDataTurboTracker(26308): info =  mUID = 10216 mOnResumeActivityMap = {} mOnResumeActivityCount = 0
09-25 23:10:07.138 D/GM.MzGameModeController( 8006): *************************************8
09-25 23:10:07.139 D/GM.MzGameModeController( 8006): *************************************8
09-25 23:10:07.139 D/GM.MzGameModeController( 8006): *************************************8
09-25 23:10:07.139 D/MzMobileDataTurboTracker(26308):  
09-25 23:10:07.139 D/MzMobileDataTurboTracker(26308):  
09-25 23:10:07.139 D/MzMobileDataTurboTracker(26308): uid = 10216 state = resume
09-25 23:10:07.139 D/MzMobileDataTurboTracker(26308): packageName = com.github.android mClassName = com.github.android.auth.SimplifiedLoginActivity
09-25 23:10:07.139 D/GM.MzGameModeController( 8006): *************************************8
09-25 23:10:07.139 D/MzMobileDataTurboTracker(26308): mWindowingMode = 1
09-25 23:10:07.139 D/MzMobileDataTurboTracker(26308): addActivityToUIDInfo: uid = 10216
09-25 23:10:07.139 D/MzMobileDataTurboTracker(26308): Activity =  mPackageName:com.github.android mState:resume mClassName:com.github.android.auth.SimplifiedLoginActivity mTaskId:18983 mPid:24966 mUID:10216 mWindowingMode:1
09-25 23:10:07.139 D/GM.MzGameModeController( 8006): *************************************8
09-25 23:10:07.139 D/MzMobileDataTurboTracker(26308): activity: com.github.android:com.github.android.auth.SimplifiedLoginActivity add success
09-25 23:10:07.139 D/MzMobileDataTurboTracker(26308): info =  mUID = 10216 mOnResumeActivityMap = {com.github.android:com.github.android.auth.SimplifiedLoginActivity= mPackageName:com.github.android mState:resume mClassName:com.github.android.auth.SimplifiedLoginActivity mTaskId:18983 mPid:24966 mUID:10216 mWindowingMode:1} mOnResumeActivityCount = 1
09-25 23:10:07.139 D/AppEventMonitor( 8006): state: resume, windowingMode: 1, displayId: 0, packageName: com.github.android, className: com.github.android.auth.SimplifiedLoginActivity
09-25 23:10:07.139 E/ANDR-PERF-RESOURCEQS( 1606): ANDR-PERF-RESOURCEQS: RemoveAndApply() 292: Failed to reset optimization here [2, 1]

============================================================

--- Trigger point at line 13001 ---
09-25 23:10:07.138 D/GM.MzGameModeController( 8006): *************************************8
09-25 23:10:07.139 D/GM.MzGameModeController( 8006): *************************************8
09-25 23:10:07.139 D/GM.MzGameModeController( 8006): *************************************8
09-25 23:10:07.139 D/MzMobileDataTurboTracker(26308):  
09-25 23:10:07.139 D/MzMobileDataTurboTracker(26308):  
09-25 23:10:07.139 D/MzMobileDataTurboTracker(26308): uid = 10216 state = resume
09-25 23:10:07.139 D/MzMobileDataTurboTracker(26308): packageName = com.github.android mClassName = com.github.android.auth.SimplifiedLoginActivity
09-25 23:10:07.139 D/GM.MzGameModeController( 8006): *************************************8
09-25 23:10:07.139 D/MzMobileDataTurboTracker(26308): mWindowingMode = 1
09-25 23:10:07.139 D/MzMobileDataTurboTracker(26308): addActivityToUIDInfo: uid = 10216
09-25 23:10:07.139 D/MzMobileDataTurboTracker(26308): Activity =  mPackageName:com.github.android mState:resume mClassName:com.github.android.auth.SimplifiedLoginActivity mTaskId:18983 mPid:24966 mUID:10216 mWindowingMode:1
09-25 23:10:07.139 D/GM.MzGameModeController( 8006): *************************************8
09-25 23:10:07.139 D/MzMobileDataTurboTracker(26308): activity: com.github.android:com.github.android.auth.SimplifiedLoginActivity add success
09-25 23:10:07.139 D/MzMobileDataTurboTracker(26308): info =  mUID = 10216 mOnResumeActivityMap = {com.github.android:com.github.android.auth.SimplifiedLoginActivity= mPackageName:com.github.android mState:resume mClassName:com.github.android.auth.SimplifiedLoginActivity mTaskId:18983 mPid:24966 mUID:10216 mWindowingMode:1} mOnResumeActivityCount = 1
09-25 23:10:07.139 D/AppEventMonitor( 8006): state: resume, windowingMode: 1, displayId: 0, packageName: com.github.android, className: com.github.android.auth.SimplifiedLoginActivity
09-25 23:10:07.139 E/ANDR-PERF-RESOURCEQS( 1606): ANDR-PERF-RESOURCEQS: RemoveAndApply() 292: Failed to reset optimization here [2, 1]
09-25 23:10:07.139 E/ANDR-PERF-RESOURCEQS( 1606): ANDR-PERF-RESOURCEQS: RemoveAndApply() 292: Failed to reset optimization here [2, 0]
09-25 23:10:07.139 E/ANDR-PERF-RESOURCEQS( 1606): ANDR-PERF-RESOURCEQS: RemoveAndApply() 292: Failed to reset optimization here [2, 1]
09-25 23:10:07.139 E/ANDR-PERF-RESOURCEQS( 1606): ANDR-PERF-RESOURCEQS: RemoveAndApply() 292: Failed to reset optimization here [2, 0]
09-25 23:10:07.139 E/ANDR-PERF-RESOURCEQS( 1606): ANDR-PERF-RESOURCEQS: RemoveAndApply() 292: Failed to reset optimization here [2, 1]

============================================================

--- Trigger point at line 13003 ---
09-25 23:10:07.139 D/GM.MzGameModeController( 8006): *************************************8
09-25 23:10:07.139 D/MzMobileDataTurboTracker(26308):  
09-25 23:10:07.139 D/MzMobileDataTurboTracker(26308):  
09-25 23:10:07.139 D/MzMobileDataTurboTracker(26308): uid = 10216 state = resume
09-25 23:10:07.139 D/MzMobileDataTurboTracker(26308): packageName = com.github.android mClassName = com.github.android.auth.SimplifiedLoginActivity
09-25 23:10:07.139 D/GM.MzGameModeController( 8006): *************************************8
09-25 23:10:07.139 D/MzMobileDataTurboTracker(26308): mWindowingMode = 1
09-25 23:10:07.139 D/MzMobileDataTurboTracker(26308): addActivityToUIDInfo: uid = 10216
09-25 23:10:07.139 D/MzMobileDataTurboTracker(26308): Activity =  mPackageName:com.github.android mState:resume mClassName:com.github.android.auth.SimplifiedLoginActivity mTaskId:18983 mPid:24966 mUID:10216 mWindowingMode:1
09-25 23:10:07.139 D/GM.MzGameModeController( 8006): *************************************8
09-25 23:10:07.139 D/MzMobileDataTurboTracker(26308): activity: com.github.android:com.github.android.auth.SimplifiedLoginActivity add success
09-25 23:10:07.139 D/MzMobileDataTurboTracker(26308): info =  mUID = 10216 mOnResumeActivityMap = {com.github.android:com.github.android.auth.SimplifiedLoginActivity= mPackageName:com.github.android mState:resume mClassName:com.github.android.auth.SimplifiedLoginActivity mTaskId:18983 mPid:24966 mUID:10216 mWindowingMode:1} mOnResumeActivityCount = 1
09-25 23:10:07.139 D/AppEventMonitor( 8006): state: resume, windowingMode: 1, displayId: 0, packageName: com.github.android, className: com.github.android.auth.SimplifiedLoginActivity
09-25 23:10:07.139 E/ANDR-PERF-RESOURCEQS( 1606): ANDR-PERF-RESOURCEQS: RemoveAndApply() 292: Failed to reset optimization here [2, 1]
09-25 23:10:07.139 E/ANDR-PERF-RESOURCEQS( 1606): ANDR-PERF-RESOURCEQS: RemoveAndApply() 292: Failed to reset optimization here [2, 0]
09-25 23:10:07.139 E/ANDR-PERF-RESOURCEQS( 1606): ANDR-PERF-RESOURCEQS: RemoveAndApply() 292: Failed to reset optimization here [2, 1]
09-25 23:10:07.139 E/ANDR-PERF-RESOURCEQS( 1606): ANDR-PERF-RESOURCEQS: RemoveAndApply() 292: Failed to reset optimization here [2, 0]
09-25 23:10:07.139 E/ANDR-PERF-RESOURCEQS( 1606): ANDR-PERF-RESOURCEQS: RemoveAndApply() 292: Failed to reset optimization here [2, 1]
09-25 23:10:07.139 E/ANDR-PERF-RESOURCEQS( 1606): ANDR-PERF-RESOURCEQS: RemoveAndApply() 292: Failed to reset optimization here [2, 0]
09-25 23:10:07.139 E/ANDR-PERF-RESOURCEQS( 1606): ANDR-PERF-RESOURCEQS: RemoveAndApply() 292: Failed to reset optimization here [2, 1]

============================================================

--- Trigger point at line 13004 ---
09-25 23:10:07.139 D/MzMobileDataTurboTracker(26308):  
09-25 23:10:07.139 D/MzMobileDataTurboTracker(26308):  
09-25 23:10:07.139 D/MzMobileDataTurboTracker(26308): uid = 10216 state = resume
09-25 23:10:07.139 D/MzMobileDataTurboTracker(26308): packageName = com.github.android mClassName = com.github.android.auth.SimplifiedLoginActivity
09-25 23:10:07.139 D/GM.MzGameModeController( 8006): *************************************8
09-25 23:10:07.139 D/MzMobileDataTurboTracker(26308): mWindowingMode = 1
09-25 23:10:07.139 D/MzMobileDataTurboTracker(26308): addActivityToUIDInfo: uid = 10216
09-25 23:10:07.139 D/MzMobileDataTurboTracker(26308): Activity =  mPackageName:com.github.android mState:resume mClassName:com.github.android.auth.SimplifiedLoginActivity mTaskId:18983 mPid:24966 mUID:10216 mWindowingMode:1
09-25 23:10:07.139 D/GM.MzGameModeController( 8006): *************************************8
09-25 23:10:07.139 D/MzMobileDataTurboTracker(26308): activity: com.github.android:com.github.android.auth.SimplifiedLoginActivity add success
09-25 23:10:07.139 D/MzMobileDataTurboTracker(26308): info =  mUID = 10216 mOnResumeActivityMap = {com.github.android:com.github.android.auth.SimplifiedLoginActivity= mPackageName:com.github.android mState:resume mClassName:com.github.android.auth.SimplifiedLoginActivity mTaskId:18983 mPid:24966 mUID:10216 mWindowingMode:1} mOnResumeActivityCount = 1
09-25 23:10:07.139 D/AppEventMonitor( 8006): state: resume, windowingMode: 1, displayId: 0, packageName: com.github.android, className: com.github.android.auth.SimplifiedLoginActivity
09-25 23:10:07.139 E/ANDR-PERF-RESOURCEQS( 1606): ANDR-PERF-RESOURCEQS: RemoveAndApply() 292: Failed to reset optimization here [2, 1]
09-25 23:10:07.139 E/ANDR-PERF-RESOURCEQS( 1606): ANDR-PERF-RESOURCEQS: RemoveAndApply() 292: Failed to reset optimization here [2, 0]
09-25 23:10:07.139 E/ANDR-PERF-RESOURCEQS( 1606): ANDR-PERF-RESOURCEQS: RemoveAndApply() 292: Failed to reset optimization here [2, 1]
09-25 23:10:07.139 E/ANDR-PERF-RESOURCEQS( 1606): ANDR-PERF-RESOURCEQS: RemoveAndApply() 292: Failed to reset optimization here [2, 0]
09-25 23:10:07.139 E/ANDR-PERF-RESOURCEQS( 1606): ANDR-PERF-RESOURCEQS: RemoveAndApply() 292: Failed to reset optimization here [2, 1]
09-25 23:10:07.139 E/ANDR-PERF-RESOURCEQS( 1606): ANDR-PERF-RESOURCEQS: RemoveAndApply() 292: Failed to reset optimization here [2, 0]
09-25 23:10:07.139 E/ANDR-PERF-RESOURCEQS( 1606): ANDR-PERF-RESOURCEQS: RemoveAndApply() 292: Failed to reset optimization here [2, 1]
09-25 23:10:07.139 E/ANDR-PERF-RESOURCEQS( 1606): ANDR-PERF-RESOURCEQS: RemoveAndApply() 292: Failed to reset optimization here [2, 0]

============================================================

--- Trigger point at line 13005 ---
09-25 23:10:07.139 D/MzMobileDataTurboTracker(26308):  
09-25 23:10:07.139 D/MzMobileDataTurboTracker(26308): uid = 10216 state = resume
09-25 23:10:07.139 D/MzMobileDataTurboTracker(26308): packageName = com.github.android mClassName = com.github.android.auth.SimplifiedLoginActivity
09-25 23:10:07.139 D/GM.MzGameModeController( 8006): *************************************8
09-25 23:10:07.139 D/MzMobileDataTurboTracker(26308): mWindowingMode = 1
09-25 23:10:07.139 D/MzMobileDataTurboTracker(26308): addActivityToUIDInfo: uid = 10216
09-25 23:10:07.139 D/MzMobileDataTurboTracker(26308): Activity =  mPackageName:com.github.android mState:resume mClassName:com.github.android.auth.SimplifiedLoginActivity mTaskId:18983 mPid:24966 mUID:10216 mWindowingMode:1
09-25 23:10:07.139 D/GM.MzGameModeController( 8006): *************************************8
09-25 23:10:07.139 D/MzMobileDataTurboTracker(26308): activity: com.github.android:com.github.android.auth.SimplifiedLoginActivity add success
09-25 23:10:07.139 D/MzMobileDataTurboTracker(26308): info =  mUID = 10216 mOnResumeActivityMap = {com.github.android:com.github.android.auth.SimplifiedLoginActivity= mPackageName:com.github.android mState:resume mClassName:com.github.android.auth.SimplifiedLoginActivity mTaskId:18983 mPid:24966 mUID:10216 mWindowingMode:1} mOnResumeActivityCount = 1
09-25 23:10:07.139 D/AppEventMonitor( 8006): state: resume, windowingMode: 1, displayId: 0, packageName: com.github.android, className: com.github.android.auth.SimplifiedLoginActivity
09-25 23:10:07.139 E/ANDR-PERF-RESOURCEQS( 1606): ANDR-PERF-RESOURCEQS: RemoveAndApply() 292: Failed to reset optimization here [2, 1]
09-25 23:10:07.139 E/ANDR-PERF-RESOURCEQS( 1606): ANDR-PERF-RESOURCEQS: RemoveAndApply() 292: Failed to reset optimization here [2, 0]
09-25 23:10:07.139 E/ANDR-PERF-RESOURCEQS( 1606): ANDR-PERF-RESOURCEQS: RemoveAndApply() 292: Failed to reset optimization here [2, 1]
09-25 23:10:07.139 E/ANDR-PERF-RESOURCEQS( 1606): ANDR-PERF-RESOURCEQS: RemoveAndApply() 292: Failed to reset optimization here [2, 0]
09-25 23:10:07.139 E/ANDR-PERF-RESOURCEQS( 1606): ANDR-PERF-RESOURCEQS: RemoveAndApply() 292: Failed to reset optimization here [2, 1]
09-25 23:10:07.139 E/ANDR-PERF-RESOURCEQS( 1606): ANDR-PERF-RESOURCEQS: RemoveAndApply() 292: Failed to reset optimization here [2, 0]
09-25 23:10:07.139 E/ANDR-PERF-RESOURCEQS( 1606): ANDR-PERF-RESOURCEQS: RemoveAndApply() 292: Failed to reset optimization here [2, 1]
09-25 23:10:07.139 E/ANDR-PERF-RESOURCEQS( 1606): ANDR-PERF-RESOURCEQS: RemoveAndApply() 292: Failed to reset optimization here [2, 0]
09-25 23:10:07.139 E/ANDR-PERF-RESOURCEQS( 1606): ANDR-PERF-RESOURCEQS: RemoveAndApply() 292: Failed to reset optimization here [2, 1]

============================================================

--- Trigger point at line 13030 ---
09-25 23:10:07.140 E/ANDR-PERF-RESOURCEQS( 1606): ANDR-PERF-RESOURCEQS: AddAndApply() 167: Failed to apply optimization [2, 0]
09-25 23:10:07.140 W/PerfCore( 3025): PerfCore:applyChange actionType = perflock bestConstraintInfoList empty
09-25 23:10:07.140 E/ANDR-PERF-RESOURCEQS( 1606): ANDR-PERF-RESOURCEQS: AddAndApply() 167: Failed to apply optimization [2, 1]
09-25 23:10:07.140 E/ANDR-PERF-RESOURCEQS( 1606): ANDR-PERF-RESOURCEQS: AddAndApply() 167: Failed to apply optimization [2, 0]
09-25 23:10:07.140 E/ANDR-PERF-RESOURCEQS( 1606): ANDR-PERF-RESOURCEQS: AddAndApply() 167: Failed to apply optimization [2, 1]
09-25 23:10:07.140 D/GM.MzGameModeController( 8006): *************************************8
09-25 23:10:07.140 D/GM.MzGameModeController( 8006): *************************************8
09-25 23:10:07.140 D/GM.MzGameModeController( 8006): *************************************8
09-25 23:10:07.140 D/GM.MzGameModeController( 8006): *************************************8
09-25 23:10:07.140 D/GM.MzGameModeController( 8006): *************************************8
09-25 23:10:07.141 D/pickerApp - ContentHandleService(22724): onAppEvent result[2]: com.github.android.auth.SimplifiedLoginActivity
09-25 23:10:07.141 I/DefaultDailyUsageEventHandler( 8006): handleFullScreenWindowEvent, DailyUsageWindowMessage(requestTime=1790349007139, packageName=com.github.android)
09-25 23:10:07.141 D/WindowModeClient( 7968): handleQuickPayWindowState: com.github.android com.github.android.main.MainActivity pause 1
09-25 23:10:07.141 D/WindowModeClient( 7968): onActivityStateChange: com.github.android com.github.android.main.MainActivity Bundle[{taskId=18982, userId=0, className=com.github.android.main.MainActivity, pid=24966, uid=10216, state=pause, displayId=0, packageName=com.github.android, windowingMode=1}]
09-25 23:10:07.142 D/WindowModeClient( 7968): handleQuickPayWindowState: com.github.android com.github.android.auth.SimplifiedLoginActivity resume 1
09-25 23:10:07.142 I/DefaultDailyUsageEventHandler( 8006): is same day
09-25 23:10:07.142 D/WindowModeClient( 7968): onActivityStateChange: com.github.android com.github.android.auth.SimplifiedLoginActivity Bundle[{taskId=18983, userId=0, className=com.github.android.auth.SimplifiedLoginActivity, pid=24966, uid=10216, state=resume, displayId=0, packageName=com.github.android, windowingMode=1}]
09-25 23:10:07.142 D/MzMobileDataTurboTracker(26308): handleMessage: msg={ when=-3ms what=1002 obj=10216 target=com.meizu.phone.MzMobileDataTurboTracker }
09-25 23:10:07.142 D/MzMobileDataTurboTracker(26308): uid: 10216 resumedCount = 1
09-25 23:10:07.142 D/MzMobileDataTurboTracker(26308): handleMessage: msg={ when=-3ms what=1001 obj=10216 target=com.meizu.phone.MzMobileDataTurboTracker }

============================================================

--- Trigger point at line 13034 ---
09-25 23:10:07.140 E/ANDR-PERF-RESOURCEQS( 1606): ANDR-PERF-RESOURCEQS: AddAndApply() 167: Failed to apply optimization [2, 1]
09-25 23:10:07.140 D/GM.MzGameModeController( 8006): *************************************8
09-25 23:10:07.140 D/GM.MzGameModeController( 8006): *************************************8
09-25 23:10:07.140 D/GM.MzGameModeController( 8006): *************************************8
09-25 23:10:07.140 D/GM.MzGameModeController( 8006): *************************************8
09-25 23:10:07.140 D/GM.MzGameModeController( 8006): *************************************8
09-25 23:10:07.141 D/pickerApp - ContentHandleService(22724): onAppEvent result[2]: com.github.android.auth.SimplifiedLoginActivity
09-25 23:10:07.141 I/DefaultDailyUsageEventHandler( 8006): handleFullScreenWindowEvent, DailyUsageWindowMessage(requestTime=1790349007139, packageName=com.github.android)
09-25 23:10:07.141 D/WindowModeClient( 7968): handleQuickPayWindowState: com.github.android com.github.android.main.MainActivity pause 1
09-25 23:10:07.141 D/WindowModeClient( 7968): onActivityStateChange: com.github.android com.github.android.main.MainActivity Bundle[{taskId=18982, userId=0, className=com.github.android.main.MainActivity, pid=24966, uid=10216, state=pause, displayId=0, packageName=com.github.android, windowingMode=1}]
09-25 23:10:07.142 D/WindowModeClient( 7968): handleQuickPayWindowState: com.github.android com.github.android.auth.SimplifiedLoginActivity resume 1
09-25 23:10:07.142 I/DefaultDailyUsageEventHandler( 8006): is same day
09-25 23:10:07.142 D/WindowModeClient( 7968): onActivityStateChange: com.github.android com.github.android.auth.SimplifiedLoginActivity Bundle[{taskId=18983, userId=0, className=com.github.android.auth.SimplifiedLoginActivity, pid=24966, uid=10216, state=resume, displayId=0, packageName=com.github.android, windowingMode=1}]
09-25 23:10:07.142 D/MzMobileDataTurboTracker(26308): handleMessage: msg={ when=-3ms what=1002 obj=10216 target=com.meizu.phone.MzMobileDataTurboTracker }
09-25 23:10:07.142 D/MzMobileDataTurboTracker(26308): uid: 10216 resumedCount = 1
09-25 23:10:07.142 D/MzMobileDataTurboTracker(26308): handleMessage: msg={ when=-3ms what=1001 obj=10216 target=com.meizu.phone.MzMobileDataTurboTracker }
09-25 23:10:07.142 D/MzMobileDataTurboTracker(26308): resumed uid=10216
09-25 23:10:07.142 D/MzMobileDataTurboTracker(26308): uid: 10216 resumedCount = 1
09-25 23:10:07.142 W/Thanox-Core( 3025): reportOnActivityResumed: Intent { cmp=com.github.android/.auth.SimplifiedLoginActivity }, user: 0
09-25 23:10:07.142 W/AppUsage( 8006): end timeUsage, time：359 full_screen_window com.github.android end time 2026/09/25 23:10:07 start time 2026/09/25 23:10:06

============================================================

--- Trigger point at line 13036 ---
09-25 23:10:07.140 D/GM.MzGameModeController( 8006): *************************************8
09-25 23:10:07.140 D/GM.MzGameModeController( 8006): *************************************8
09-25 23:10:07.140 D/GM.MzGameModeController( 8006): *************************************8
09-25 23:10:07.140 D/GM.MzGameModeController( 8006): *************************************8
09-25 23:10:07.141 D/pickerApp - ContentHandleService(22724): onAppEvent result[2]: com.github.android.auth.SimplifiedLoginActivity
09-25 23:10:07.141 I/DefaultDailyUsageEventHandler( 8006): handleFullScreenWindowEvent, DailyUsageWindowMessage(requestTime=1790349007139, packageName=com.github.android)
09-25 23:10:07.141 D/WindowModeClient( 7968): handleQuickPayWindowState: com.github.android com.github.android.main.MainActivity pause 1
09-25 23:10:07.141 D/WindowModeClient( 7968): onActivityStateChange: com.github.android com.github.android.main.MainActivity Bundle[{taskId=18982, userId=0, className=com.github.android.main.MainActivity, pid=24966, uid=10216, state=pause, displayId=0, packageName=com.github.android, windowingMode=1}]
09-25 23:10:07.142 D/WindowModeClient( 7968): handleQuickPayWindowState: com.github.android com.github.android.auth.SimplifiedLoginActivity resume 1
09-25 23:10:07.142 I/DefaultDailyUsageEventHandler( 8006): is same day
09-25 23:10:07.142 D/WindowModeClient( 7968): onActivityStateChange: com.github.android com.github.android.auth.SimplifiedLoginActivity Bundle[{taskId=18983, userId=0, className=com.github.android.auth.SimplifiedLoginActivity, pid=24966, uid=10216, state=resume, displayId=0, packageName=com.github.android, windowingMode=1}]
09-25 23:10:07.142 D/MzMobileDataTurboTracker(26308): handleMessage: msg={ when=-3ms what=1002 obj=10216 target=com.meizu.phone.MzMobileDataTurboTracker }
09-25 23:10:07.142 D/MzMobileDataTurboTracker(26308): uid: 10216 resumedCount = 1
09-25 23:10:07.142 D/MzMobileDataTurboTracker(26308): handleMessage: msg={ when=-3ms what=1001 obj=10216 target=com.meizu.phone.MzMobileDataTurboTracker }
09-25 23:10:07.142 D/MzMobileDataTurboTracker(26308): resumed uid=10216
09-25 23:10:07.142 D/MzMobileDataTurboTracker(26308): uid: 10216 resumedCount = 1
09-25 23:10:07.142 W/Thanox-Core( 3025): reportOnActivityResumed: Intent { cmp=com.github.android/.auth.SimplifiedLoginActivity }, user: 0
09-25 23:10:07.142 W/AppUsage( 8006): end timeUsage, time：359 full_screen_window com.github.android end time 2026/09/25 23:10:07 start time 2026/09/25 23:10:06
09-25 23:10:07.142 D/EngineManager(17695): onReceiver:APP_EVENT
09-25 23:10:07.142 D/EngineManager(17695): notifyAppEventListener appInfo [Ljava.lang.String;@f715672

============================================================

--- Trigger point at line 13042 ---
09-25 23:10:07.141 D/WindowModeClient( 7968): handleQuickPayWindowState: com.github.android com.github.android.main.MainActivity pause 1
09-25 23:10:07.141 D/WindowModeClient( 7968): onActivityStateChange: com.github.android com.github.android.main.MainActivity Bundle[{taskId=18982, userId=0, className=com.github.android.main.MainActivity, pid=24966, uid=10216, state=pause, displayId=0, packageName=com.github.android, windowingMode=1}]
09-25 23:10:07.142 D/WindowModeClient( 7968): handleQuickPayWindowState: com.github.android com.github.android.auth.SimplifiedLoginActivity resume 1
09-25 23:10:07.142 I/DefaultDailyUsageEventHandler( 8006): is same day
09-25 23:10:07.142 D/WindowModeClient( 7968): onActivityStateChange: com.github.android com.github.android.auth.SimplifiedLoginActivity Bundle[{taskId=18983, userId=0, className=com.github.android.auth.SimplifiedLoginActivity, pid=24966, uid=10216, state=resume, displayId=0, packageName=com.github.android, windowingMode=1}]
09-25 23:10:07.142 D/MzMobileDataTurboTracker(26308): handleMessage: msg={ when=-3ms what=1002 obj=10216 target=com.meizu.phone.MzMobileDataTurboTracker }
09-25 23:10:07.142 D/MzMobileDataTurboTracker(26308): uid: 10216 resumedCount = 1
09-25 23:10:07.142 D/MzMobileDataTurboTracker(26308): handleMessage: msg={ when=-3ms what=1001 obj=10216 target=com.meizu.phone.MzMobileDataTurboTracker }
09-25 23:10:07.142 D/MzMobileDataTurboTracker(26308): resumed uid=10216
09-25 23:10:07.142 D/MzMobileDataTurboTracker(26308): uid: 10216 resumedCount = 1
09-25 23:10:07.142 W/Thanox-Core( 3025): reportOnActivityResumed: Intent { cmp=com.github.android/.auth.SimplifiedLoginActivity }, user: 0
09-25 23:10:07.142 W/AppUsage( 8006): end timeUsage, time：359 full_screen_window com.github.android end time 2026/09/25 23:10:07 start time 2026/09/25 23:10:06
09-25 23:10:07.142 D/EngineManager(17695): onReceiver:APP_EVENT
09-25 23:10:07.142 D/EngineManager(17695): notifyAppEventListener appInfo [Ljava.lang.String;@f715672
09-25 23:10:07.142 D/EngineManager(17695): onReceiver:APP_EVENT
09-25 23:10:07.142 D/EngineManager(17695): notifyAppEventListener appInfo [Ljava.lang.String;@9c4bac3
09-25 23:10:07.142 W/Thanox-Core( 3025): onActivityResumedInternal: Intent { cmp=com.github.android/.auth.SimplifiedLoginActivity }
09-25 23:10:07.143 D/IntentFirewall( 3025): CHECK INTENT - ComponentName[com.github.android/androidx.work.impl.background.systemjob.SystemJobService], intentType[service], intent[null], caller/callee[1000, 10216], callerPackage/calleePackage[android, com.github.android]
09-25 23:10:07.143 D/IntentFirewall( 3025): [SKIP] ifw is not enabled
09-25 23:10:07.143 D/DefaultDailyUsageRepository( 8006): add time usage mode 0 user id -1  starttime 1790349006780  endtime 1790349007139  

============================================================

--- Trigger point at line 13048 ---
09-25 23:10:07.142 D/MzMobileDataTurboTracker(26308): uid: 10216 resumedCount = 1
09-25 23:10:07.142 D/MzMobileDataTurboTracker(26308): handleMessage: msg={ when=-3ms what=1001 obj=10216 target=com.meizu.phone.MzMobileDataTurboTracker }
09-25 23:10:07.142 D/MzMobileDataTurboTracker(26308): resumed uid=10216
09-25 23:10:07.142 D/MzMobileDataTurboTracker(26308): uid: 10216 resumedCount = 1
09-25 23:10:07.142 W/Thanox-Core( 3025): reportOnActivityResumed: Intent { cmp=com.github.android/.auth.SimplifiedLoginActivity }, user: 0
09-25 23:10:07.142 W/AppUsage( 8006): end timeUsage, time：359 full_screen_window com.github.android end time 2026/09/25 23:10:07 start time 2026/09/25 23:10:06
09-25 23:10:07.142 D/EngineManager(17695): onReceiver:APP_EVENT
09-25 23:10:07.142 D/EngineManager(17695): notifyAppEventListener appInfo [Ljava.lang.String;@f715672
09-25 23:10:07.142 D/EngineManager(17695): onReceiver:APP_EVENT
09-25 23:10:07.142 D/EngineManager(17695): notifyAppEventListener appInfo [Ljava.lang.String;@9c4bac3
09-25 23:10:07.142 W/Thanox-Core( 3025): onActivityResumedInternal: Intent { cmp=com.github.android/.auth.SimplifiedLoginActivity }
09-25 23:10:07.143 D/IntentFirewall( 3025): CHECK INTENT - ComponentName[com.github.android/androidx.work.impl.background.systemjob.SystemJobService], intentType[service], intent[null], caller/callee[1000, 10216], callerPackage/calleePackage[android, com.github.android]
09-25 23:10:07.143 D/IntentFirewall( 3025): [SKIP] ifw is not enabled
09-25 23:10:07.143 D/DefaultDailyUsageRepository( 8006): add time usage mode 0 user id -1  starttime 1790349006780  endtime 1790349007139  
09-25 23:10:07.143 I/AppUsage( 8006): set running time usage,full_screen_window com.github.android start time 2026/09/25 23:10:07
09-25 23:10:07.143 D/BackgroundInstallControlService( 3025): Package event received: 0
09-25 23:10:07.144 D/BackgroundInstallControlService( 3025): Package event received: 0
09-25 23:10:07.144 D/BackgroundInstallControlService( 3025): Package event received: 0
09-25 23:10:07.144 I/DefaultDailyUsageRepository( 8006): com.github.android 2026/09/25 23:10:07 start running  2026/09/25 23:10:07
09-25 23:10:07.144 V/WindowManager( 3025): Finishing drawing window Window{6fae560 u0 Splash Screen com.github.android}: mDrawState=DRAW_PENDING

============================================================

--- Trigger point at line 13059 ---
09-25 23:10:07.143 D/IntentFirewall( 3025): CHECK INTENT - ComponentName[com.github.android/androidx.work.impl.background.systemjob.SystemJobService], intentType[service], intent[null], caller/callee[1000, 10216], callerPackage/calleePackage[android, com.github.android]
09-25 23:10:07.143 D/IntentFirewall( 3025): [SKIP] ifw is not enabled
09-25 23:10:07.143 D/DefaultDailyUsageRepository( 8006): add time usage mode 0 user id -1  starttime 1790349006780  endtime 1790349007139  
09-25 23:10:07.143 I/AppUsage( 8006): set running time usage,full_screen_window com.github.android start time 2026/09/25 23:10:07
09-25 23:10:07.143 D/BackgroundInstallControlService( 3025): Package event received: 0
09-25 23:10:07.144 D/BackgroundInstallControlService( 3025): Package event received: 0
09-25 23:10:07.144 D/BackgroundInstallControlService( 3025): Package event received: 0
09-25 23:10:07.144 I/DefaultDailyUsageRepository( 8006): com.github.android 2026/09/25 23:10:07 start running  2026/09/25 23:10:07
09-25 23:10:07.144 V/WindowManager( 3025): Finishing drawing window Window{6fae560 u0 Splash Screen com.github.android}: mDrawState=DRAW_PENDING
09-25 23:10:07.144 V/WindowManager( 3025): Draw state now committed in Window{6fae560 u0 Splash Screen com.github.android}
09-25 23:10:07.147 W/[Profile]( 3025): publishFactsInternal, reason: frontActivityChanged: ComponentInfo{com.github.android/com.github.android.main.MainActivity} --> ComponentInfo{com.github.android/com.github.android.auth.SimplifiedLoginActivity}
09-25 23:10:07.148 W/[Profile]( 3025): publishFactsInternal, reason: activityResumed: ComponentInfo{com.github.android/com.github.android.auth.SimplifiedLoginActivity}
09-25 23:10:07.155 V/WindowManagerShell( 4164): onTransitionReady(transaction=12992277296530)
09-25 23:10:07.156 V/WindowManagerShell( 4164): onTransitionReady (#15934) android.os.BinderProxy@b6afe91: {id=15934 t=CLOSE f=0x0 trk=0 r=[0@Point(0, 0)] c=[
09-25 23:10:07.156 V/WindowManagerShell( 4164):         {m=OPEN f=MOVE_TO_TOP leash=Surface(name=Task=18983#251604)/@0x916ad0b sb=Rect(0, 0 - 1080, 2400) eb=Rect(0, 0 - 1080, 2400) epz=Point(1080, 2400) d=0 taskParent=-1},
09-25 23:10:07.156 V/WindowManagerShell( 4164):         {m=CLOSE f=NONE leash=Surface(name=Task=18982#251591)/@0x8e337e8 sb=Rect(0, 0 - 1080, 2400) eb=Rect(0, 0 - 1080, 2400) epz=Point(1080, 2400) d=0 taskParent=-1}
09-25 23:10:07.156 V/WindowManagerShell( 4164):     ]}
09-25 23:10:07.157 V/WindowManagerShell( 4164): Transition (#15934) android.os.BinderProxy@b6afe91@0 ready while (#15933) android.os.BinderProxy@baeb547@0 is still animating. Notify the animating transition in case they can be merged
09-25 23:10:07.157 V/WindowManagerShell( 4164):    Merge into remote: RemoteTransition { remoteTransition = android.window.IRemoteTransition$Stub$Proxy@a975ee3, appThread = android.app.IApplicationThread$Stub$Proxy@7eec0e0, debugName = QuickstepLaunch }
09-25 23:10:07.160 D/LauncherAnimationRunner211281395( 4722): [FixFor1360146]: onAnimationCancelled AppLaunchAnimationRunner@1af22b0

============================================================

--- Trigger point at line 13060 ---
09-25 23:10:07.143 D/IntentFirewall( 3025): [SKIP] ifw is not enabled
09-25 23:10:07.143 D/DefaultDailyUsageRepository( 8006): add time usage mode 0 user id -1  starttime 1790349006780  endtime 1790349007139  
09-25 23:10:07.143 I/AppUsage( 8006): set running time usage,full_screen_window com.github.android start time 2026/09/25 23:10:07
09-25 23:10:07.143 D/BackgroundInstallControlService( 3025): Package event received: 0
09-25 23:10:07.144 D/BackgroundInstallControlService( 3025): Package event received: 0
09-25 23:10:07.144 D/BackgroundInstallControlService( 3025): Package event received: 0
09-25 23:10:07.144 I/DefaultDailyUsageRepository( 8006): com.github.android 2026/09/25 23:10:07 start running  2026/09/25 23:10:07
09-25 23:10:07.144 V/WindowManager( 3025): Finishing drawing window Window{6fae560 u0 Splash Screen com.github.android}: mDrawState=DRAW_PENDING
09-25 23:10:07.144 V/WindowManager( 3025): Draw state now committed in Window{6fae560 u0 Splash Screen com.github.android}
09-25 23:10:07.147 W/[Profile]( 3025): publishFactsInternal, reason: frontActivityChanged: ComponentInfo{com.github.android/com.github.android.main.MainActivity} --> ComponentInfo{com.github.android/com.github.android.auth.SimplifiedLoginActivity}
09-25 23:10:07.148 W/[Profile]( 3025): publishFactsInternal, reason: activityResumed: ComponentInfo{com.github.android/com.github.android.auth.SimplifiedLoginActivity}
09-25 23:10:07.155 V/WindowManagerShell( 4164): onTransitionReady(transaction=12992277296530)
09-25 23:10:07.156 V/WindowManagerShell( 4164): onTransitionReady (#15934) android.os.BinderProxy@b6afe91: {id=15934 t=CLOSE f=0x0 trk=0 r=[0@Point(0, 0)] c=[
09-25 23:10:07.156 V/WindowManagerShell( 4164):         {m=OPEN f=MOVE_TO_TOP leash=Surface(name=Task=18983#251604)/@0x916ad0b sb=Rect(0, 0 - 1080, 2400) eb=Rect(0, 0 - 1080, 2400) epz=Point(1080, 2400) d=0 taskParent=-1},
09-25 23:10:07.156 V/WindowManagerShell( 4164):         {m=CLOSE f=NONE leash=Surface(name=Task=18982#251591)/@0x8e337e8 sb=Rect(0, 0 - 1080, 2400) eb=Rect(0, 0 - 1080, 2400) epz=Point(1080, 2400) d=0 taskParent=-1}
09-25 23:10:07.156 V/WindowManagerShell( 4164):     ]}
09-25 23:10:07.157 V/WindowManagerShell( 4164): Transition (#15934) android.os.BinderProxy@b6afe91@0 ready while (#15933) android.os.BinderProxy@baeb547@0 is still animating. Notify the animating transition in case they can be merged
09-25 23:10:07.157 V/WindowManagerShell( 4164):    Merge into remote: RemoteTransition { remoteTransition = android.window.IRemoteTransition$Stub$Proxy@a975ee3, appThread = android.app.IApplicationThread$Stub$Proxy@7eec0e0, debugName = QuickstepLaunch }
09-25 23:10:07.160 D/LauncherAnimationRunner211281395( 4722): [FixFor1360146]: onAnimationCancelled AppLaunchAnimationRunner@1af22b0
09-25 23:10:07.160 V/WindowManagerShell( 4164): Transition animation finished (aborted=false), notifying core (#15933) android.os.BinderProxy@baeb547@0

============================================================

--- Trigger point at line 13148 ---
09-25 23:10:07.210 D/BoundBrokerSvc( 1423): Loading bound service for intent: Intent { act=com.google.android.gms.measurement.START xflg=0x4 pkg=com.google.android.gms }
09-25 23:10:07.212 D/RecentsTransitionBack( 3025): setRecentsTransitionInputCallback null
09-25 23:10:07.214 W/FA      (24966): Cannot log screen view event when the app is in the background.
09-25 23:10:07.222 I/FA      (24966): Tag Manager is not found and thus will not be used
09-25 23:10:07.222 W/JobInfo (24966): Requested important-while-foreground flag for job409 is ignored and takes no effect
09-25 23:10:07.227 V/FlymeAntiBurnManager(24966): No anti burn config found.
09-25 23:10:07.236 D/IntentFirewall( 3025): CHECK INTENT - ComponentName[com.github.android/androidx.work.impl.background.systemjob.SystemJobService], intentType[service], intent[null], caller/callee[1000, 10216], callerPackage/calleePackage[android, com.github.android]
09-25 23:10:07.236 D/IntentFirewall( 3025): [SKIP] ifw is not enabled
09-25 23:10:07.238 W/Thread-7(31494): type=1400 audit(0.0:2273678): avc:  denied  { read } for  name="tcp" dev="proc" ino=4026532037 scontext=u:r:untrusted_app_30:s0:c22,c257,c512,c768 tcontext=u:object_r:proc_net_tcp_udp:s0 tclass=file permissive=0 app=com.midea.ai.appliances
09-25 23:10:07.241 D/FileUtils( 3025): Rounded bytes from 11777146880 to 16000000000
09-25 23:10:07.247 D/CoreBackPreview( 3025): Window{278a4ac u0 com.github.android/com.github.android.auth.SimplifiedLoginActivity}: Setting back callback OnBackInvokedCallbackInfo{mCallback=android.window.IOnBackInvokedCallback$Stub$Proxy@3878b47, mPriority=-1, mIsAnimationCallback=false, mOverrideBehavior=0}
09-25 23:10:07.248 D/CoreBackPreview( 3025): Window{278a4ac u0 com.github.android/com.github.android.auth.SimplifiedLoginActivity}: Setting back callback OnBackInvokedCallbackInfo{mCallback=android.window.IOnBackInvokedCallback$Stub$Proxy@d101f74, mPriority=0, mIsAnimationCallback=true, mOverrideBehavior=0}
09-25 23:10:07.249 E/FlymeSurfaceFlingerExtension( 1664): FPS: 92.537315
09-25 23:10:07.264 D/ConnectivityService( 3025): requestNetwork for uid/pid:10216/24966 activeRequest: null callbackRequest: 28501 [NetworkRequest [ REQUEST id=28502, [ Capabilities: INTERNET&NOT_RESTRICTED&TRUSTED&NOT_VCN_MANAGED&NOT_BANDWIDTH_CONSTRAINED Uid: 10216 RequestorUid: 10216 RequestorPkg: com.github.android UnderlyingNetworks: Null] ]] callback flags: 0 order: 2147483647 isUidTracked: false declaredMethods: AVAIL|LOST|NC|BLK
09-25 23:10:07.265 D/ConnectivityService( 3025): rematch for [113 WIFI|VPN]
09-25 23:10:07.265 D/ConnectivityService( 3025):    accepting network in place of null for NetworkRequest [ REQUEST id=28502, [ Capabilities: INTERNET&NOT_RESTRICTED&TRUSTED&NOT_VCN_MANAGED&NOT_BANDWIDTH_CONSTRAINED Uid: 10216 RequestorUid: 10216 RequestorPkg: com.github.android UnderlyingNetworks: Null] ]
09-25 23:10:07.265 D/ConnectivityService( 3025): sending notification CALLBACK_AVAILABLE for NetworkRequest [ TRACK_DEFAULT id=28501, [ Capabilities: INTERNET&NOT_RESTRICTED&TRUSTED&NOT_VCN_MANAGED&NOT_BANDWIDTH_CONSTRAINED Uid: 10216 RequestorUid: 10216 RequestorPkg: com.github.android UnderlyingNetworks: Null] ]
09-25 23:10:07.266 D/ConnectivityService( 3025): Adding agent NetworkAgentInfo{network{113}  handle{488737001485}  ni{VPN CONNECTED extra: VPN:com.follow.clash} created=2026-09-24T15:22:05.845Z Score(Policies : EVER_EVALUATED&IS_UNMETERED&IS_VPN&EVER_VALIDATED&IS_VALIDATED ; KeepConnected : 0)  created 213917533 firstValidated 213917701 lastValidated 213917701  lp{{InterfaceName: tun0 LinkAddresses: [ 172.19.0.1/30,fdfe:dcba:9876::1/126 ] DnsAddresses: [ /172.19.0.2,/fdfe:dcba:9876::2 ] Domains:  MTU: 9000 Routes: [ 1.0.0.0/8 -> 0.0.0.0 tun0 mtu 0,2.0.0.0/7 -> 0.0.0.0 tun0 mtu 0,4.0.0.0/6 -> 0.0.0.0 tun0 mtu 0,8.0.0.0/7 -> 0.0.0.0 tun0 mtu 0,11.0.0.0/8 -> 0.0.0.0 tun0 mtu 0,12.0.0.0/6 -> 0.0.0.0 tun0 mtu 0,16.0.0.0/4 -> 0.0.0.0 tun0 mtu 0,32.0.0.0/3 -> 0.0.0.0 tun0 mtu 0,64.0.0.0/3 -> 0.0.0.0 tun0 mtu 0,96.0.0.0/4 -> 0.0.0.0 tun0 mtu 0,112.0.0.0/5 -> 0.0.0.0 tun0 mtu 0,120.0.0.0/6 -> 0.0.0.0 tun0 mtu 0,124.0.0.0/7 -> 0.0.0.0 tun0 mtu 0,126.0.0.0/8 -> 0.0.0.0 tun0 mtu 0,128.0.0.0/3 -> 0.0.0.0 tun0 mtu 0,160.0.0.0/5 -> 0.0.0.0 tun0 mtu 0,168.0.0.0/8 -> 0.0.0.0 tun0 mtu 0,169.0.0.0/9 -> 0.0.0.0 tun0 mtu 0,169.128.0.0/10 -> 0.0.0.0 tun0 mtu 0,169.192.0.0/11 -> 0.0.0.0 tun0 mtu 0,169.224.0.0/12 -> 0.0.0.0 tun0 mtu 0,169.240.0.0/13 -> 0.0.0.0 tun0 mtu 0,169.248.0.0/14 -> 0.0.0.0 tun0 mtu 0,169.252.0.0/15 -> 0.0.0.0 tun0 mtu 0,169.255.0.0/16 -> 0.0.0.0 tun0 mtu 0,170.0.0.0/7 -> 0.0.0.0 tun0 mtu 0,172.0.0.0/12 -> 0.0.0.0 tun0 mtu 0,172.32.0.0/11 -> 0.0.0.0 tun0 mtu 0,172.64.0.0/10 -> 0.0.0.0 tun0 mtu 0,172.128.0.0/9 -> 0.0.0.0 tun0 mtu 0,173.0.0.0/8 -> 0.0.0.0 tun0 mtu 0,174.0.0.0/7 -> 0.0.0.0 tun0 mtu 0,176.0.0.0/4 -> 0.0.0.0 tun0 mtu 0,192.0.0.0/9 -> 0.0.0.0 tun0 mtu 0,192.128.0.0/11 -> 0.0.0.0 tun0 mtu 0,192.160.0.0/13 -> 0.0.0.0 tun0 mtu 0,192.169.0.0/16 -> 0.0.0.0 tun0 mtu 0,192.170.0.0/15 -> 0.0.0.0 tun0 mtu 0,192.172.0.0/14 -> 0.0.0.0 tun0 mtu 0,192.176.0.0/12 -> 0.0.0.0 tun0 mtu 0,192.192.0.0/10 -> 0.0.0.0 tun0 mtu 0,193.0.0.0/8 -> 0.0.0.0 tun0 mtu 0,194.0.0.0/7 -> 0.0.0.0 tun0 mtu 0,196.0.0.0/6 -> 0.0.0.0 tun0 mtu 0,200.0.0.0/5 -> 0.0.0.0 tun0 mtu 0,208.0.0.0/4 -> 0.0.0.0 tun0 mtu 0,240.0.0.0/5 -> 0.0.0.0 tun0 mtu 0,248.0.0.0/6 -> 0.0.0.0 tun0 mtu 0,252.0.0.0/7 -> 0.0.0.0 tun0 mtu 0,254.0.0.0/8 -> 0.0.0.0 tun0 mtu 0,255.0.0.0/9 -> 0.0.0.0 tun0 mtu 0,255.128.0.0/10 -> 0.0.0.0 tun0 mtu 0,255.192.0.0/11 -> 0.0.0.0 tun0 mtu 0,255.224.0.0/12 -> 0.0.0.0 tun0 mtu 0,255.240.0.0/13 -> 0.0.0.0 tun0 mtu 0,255.248.0.0/14 -> 0.0.0.0 tun0 mtu 0,255.252.0.0/15 -> 0.0.0.0 tun0 mtu 0,255.254.0.0/16 -> 0.0.0.0 tun0 mtu 0,255.255.0.0/17 -> 0.0.0.0 tun0 mtu 0,255.255.128.0/18 -> 0.0.0.0 tun0 mtu 0,255.255.192.0/19 -> 0.0.0.0 tun0 mtu 0,255.255.224.0/20 -> 0.0.0.0 tun0 mtu 0,255.255.240.0/21 -> 0.0.0.0 tun0 mtu 0,255.255.248.0/22 -> 0.0.0.0 tun0 mtu 0,255.255.252.0/23 -> 0.0.0.0 tun0 mtu 0,255.255.254.0/24 -> 0.0.0.0 tun0 mtu 0,255.255.255.0/25 -> 0.0.0.0 tun0 mtu 0,255.255.255.128/26 -> 0.0.0.0 tun0 mtu 0,255.255.255.192/27 -> 0.0.0.0 tun0 mtu 0,255.255.255.224/28 -> 0.0.0.0 tun0 mtu 0,255.255.255.240/29 -> 0.0.0.0 tun0 mtu 0,255.255.255.248/30 -> 0.0.0.0 tun0 mtu 0,255.255.255.252/31 -> 0.0.0.0 tun0 mtu 0,255.255.255.254/32 -> 0.0.0.0 tun0 mtu 0,::/1 -> :: tun0 mtu 0,8000::/2 -> :: tun0 mtu 0,c000::/3 -> :: tun0 mtu 0,e000::/4 -> :: tun0 mtu 0,f000::/5 -> :: tun0 mtu 0,f800::/6 -> :: tun0 mtu 0,fe00::/9 -> :: tun0 mtu 0,fec0::/10 -> :: tun0 mtu 0,172.19.0.0/30 -> 0.0.0.0 tun0 mtu 0,fdfe:dcba:9876::/126 -> :: tun0 mtu 0 ] HttpProxy: [127.0.0.1] 7890 xl=*zhihu.com,*zhimg.com,*jd.com,100ime-iat-api.xfyun.cn,*360buyimg.com,localhost,*.local,127.*,10.*,172.16.*,172.17.*,172.18.*,172.19.*,172.2*,172.30.*,172.31.*,192.168.*}}  nc{[ Transports: WIFI|VPN Capabilities: NOT_METERED&INTERNET&NOT_RESTRICTED&TRUSTED&VALIDATED&NOT_ROAMING&FOREGROUND&NOT_CONGESTED&NOT_SUSPENDED&NOT_VCN_MANAGED&NOT_BANDWIDTH_CONSTRAINED LinkUpBandwidth>=137396Kbps LinkDnBandwidth>=69889Kbps TransportInfo: <VpnTransportInfo{type=1, sessionId=FlClash, bypassable=false longLivedTcpConnectionsExpensive=false}> Uids: <{1000-1000, 1073-1073, 2000-2000, 10010-10010, 10014-10015
09-25 23:10:07.268 D/OemPaidWifiNetworkFactory( 3025): got request NetworkRequest [ REQUEST id=28502, [ Capabilities: INTERNET&NOT_RESTRICTED&TRUSTED&NOT_VCN_MANAGED&NOT_BANDWIDTH_CONSTRAINED Uid: 10216 RequestorUid: 10216 RequestorPkg: com.github.android UnderlyingNetworks: Null] ]
09-25 23:10:07.268 D/FlymeDisplayController( 3025): top window = Window{278a4ac u0 com.github.android/com.github.android.auth.SimplifiedLoginActivity} , windowtype = 1

============================================================

--- Trigger point at line 13149 ---
09-25 23:10:07.212 D/RecentsTransitionBack( 3025): setRecentsTransitionInputCallback null
09-25 23:10:07.214 W/FA      (24966): Cannot log screen view event when the app is in the background.
09-25 23:10:07.222 I/FA      (24966): Tag Manager is not found and thus will not be used
09-25 23:10:07.222 W/JobInfo (24966): Requested important-while-foreground flag for job409 is ignored and takes no effect
09-25 23:10:07.227 V/FlymeAntiBurnManager(24966): No anti burn config found.
09-25 23:10:07.236 D/IntentFirewall( 3025): CHECK INTENT - ComponentName[com.github.android/androidx.work.impl.background.systemjob.SystemJobService], intentType[service], intent[null], caller/callee[1000, 10216], callerPackage/calleePackage[android, com.github.android]
09-25 23:10:07.236 D/IntentFirewall( 3025): [SKIP] ifw is not enabled
09-25 23:10:07.238 W/Thread-7(31494): type=1400 audit(0.0:2273678): avc:  denied  { read } for  name="tcp" dev="proc" ino=4026532037 scontext=u:r:untrusted_app_30:s0:c22,c257,c512,c768 tcontext=u:object_r:proc_net_tcp_udp:s0 tclass=file permissive=0 app=com.midea.ai.appliances
09-25 23:10:07.241 D/FileUtils( 3025): Rounded bytes from 11777146880 to 16000000000
09-25 23:10:07.247 D/CoreBackPreview( 3025): Window{278a4ac u0 com.github.android/com.github.android.auth.SimplifiedLoginActivity}: Setting back callback OnBackInvokedCallbackInfo{mCallback=android.window.IOnBackInvokedCallback$Stub$Proxy@3878b47, mPriority=-1, mIsAnimationCallback=false, mOverrideBehavior=0}
09-25 23:10:07.248 D/CoreBackPreview( 3025): Window{278a4ac u0 com.github.android/com.github.android.auth.SimplifiedLoginActivity}: Setting back callback OnBackInvokedCallbackInfo{mCallback=android.window.IOnBackInvokedCallback$Stub$Proxy@d101f74, mPriority=0, mIsAnimationCallback=true, mOverrideBehavior=0}
09-25 23:10:07.249 E/FlymeSurfaceFlingerExtension( 1664): FPS: 92.537315
09-25 23:10:07.264 D/ConnectivityService( 3025): requestNetwork for uid/pid:10216/24966 activeRequest: null callbackRequest: 28501 [NetworkRequest [ REQUEST id=28502, [ Capabilities: INTERNET&NOT_RESTRICTED&TRUSTED&NOT_VCN_MANAGED&NOT_BANDWIDTH_CONSTRAINED Uid: 10216 RequestorUid: 10216 RequestorPkg: com.github.android UnderlyingNetworks: Null] ]] callback flags: 0 order: 2147483647 isUidTracked: false declaredMethods: AVAIL|LOST|NC|BLK
09-25 23:10:07.265 D/ConnectivityService( 3025): rematch for [113 WIFI|VPN]
09-25 23:10:07.265 D/ConnectivityService( 3025):    accepting network in place of null for NetworkRequest [ REQUEST id=28502, [ Capabilities: INTERNET&NOT_RESTRICTED&TRUSTED&NOT_VCN_MANAGED&NOT_BANDWIDTH_CONSTRAINED Uid: 10216 RequestorUid: 10216 RequestorPkg: com.github.android UnderlyingNetworks: Null] ]
09-25 23:10:07.265 D/ConnectivityService( 3025): sending notification CALLBACK_AVAILABLE for NetworkRequest [ TRACK_DEFAULT id=28501, [ Capabilities: INTERNET&NOT_RESTRICTED&TRUSTED&NOT_VCN_MANAGED&NOT_BANDWIDTH_CONSTRAINED Uid: 10216 RequestorUid: 10216 RequestorPkg: com.github.android UnderlyingNetworks: Null] ]
09-25 23:10:07.266 D/ConnectivityService( 3025): Adding agent NetworkAgentInfo{network{113}  handle{488737001485}  ni{VPN CONNECTED extra: VPN:com.follow.clash} created=2026-09-24T15:22:05.845Z Score(Policies : EVER_EVALUATED&IS_UNMETERED&IS_VPN&EVER_VALIDATED&IS_VALIDATED ; KeepConnected : 0)  created 213917533 firstValidated 213917701 lastValidated 213917701  lp{{InterfaceName: tun0 LinkAddresses: [ 172.19.0.1/30,fdfe:dcba:9876::1/126 ] DnsAddresses: [ /172.19.0.2,/fdfe:dcba:9876::2 ] Domains:  MTU: 9000 Routes: [ 1.0.0.0/8 -> 0.0.0.0 tun0 mtu 0,2.0.0.0/7 -> 0.0.0.0 tun0 mtu 0,4.0.0.0/6 -> 0.0.0.0 tun0 mtu 0,8.0.0.0/7 -> 0.0.0.0 tun0 mtu 0,11.0.0.0/8 -> 0.0.0.0 tun0 mtu 0,12.0.0.0/6 -> 0.0.0.0 tun0 mtu 0,16.0.0.0/4 -> 0.0.0.0 tun0 mtu 0,32.0.0.0/3 -> 0.0.0.0 tun0 mtu 0,64.0.0.0/3 -> 0.0.0.0 tun0 mtu 0,96.0.0.0/4 -> 0.0.0.0 tun0 mtu 0,112.0.0.0/5 -> 0.0.0.0 tun0 mtu 0,120.0.0.0/6 -> 0.0.0.0 tun0 mtu 0,124.0.0.0/7 -> 0.0.0.0 tun0 mtu 0,126.0.0.0/8 -> 0.0.0.0 tun0 mtu 0,128.0.0.0/3 -> 0.0.0.0 tun0 mtu 0,160.0.0.0/5 -> 0.0.0.0 tun0 mtu 0,168.0.0.0/8 -> 0.0.0.0 tun0 mtu 0,169.0.0.0/9 -> 0.0.0.0 tun0 mtu 0,169.128.0.0/10 -> 0.0.0.0 tun0 mtu 0,169.192.0.0/11 -> 0.0.0.0 tun0 mtu 0,169.224.0.0/12 -> 0.0.0.0 tun0 mtu 0,169.240.0.0/13 -> 0.0.0.0 tun0 mtu 0,169.248.0.0/14 -> 0.0.0.0 tun0 mtu 0,169.252.0.0/15 -> 0.0.0.0 tun0 mtu 0,169.255.0.0/16 -> 0.0.0.0 tun0 mtu 0,170.0.0.0/7 -> 0.0.0.0 tun0 mtu 0,172.0.0.0/12 -> 0.0.0.0 tun0 mtu 0,172.32.0.0/11 -> 0.0.0.0 tun0 mtu 0,172.64.0.0/10 -> 0.0.0.0 tun0 mtu 0,172.128.0.0/9 -> 0.0.0.0 tun0 mtu 0,173.0.0.0/8 -> 0.0.0.0 tun0 mtu 0,174.0.0.0/7 -> 0.0.0.0 tun0 mtu 0,176.0.0.0/4 -> 0.0.0.0 tun0 mtu 0,192.0.0.0/9 -> 0.0.0.0 tun0 mtu 0,192.128.0.0/11 -> 0.0.0.0 tun0 mtu 0,192.160.0.0/13 -> 0.0.0.0 tun0 mtu 0,192.169.0.0/16 -> 0.0.0.0 tun0 mtu 0,192.170.0.0/15 -> 0.0.0.0 tun0 mtu 0,192.172.0.0/14 -> 0.0.0.0 tun0 mtu 0,192.176.0.0/12 -> 0.0.0.0 tun0 mtu 0,192.192.0.0/10 -> 0.0.0.0 tun0 mtu 0,193.0.0.0/8 -> 0.0.0.0 tun0 mtu 0,194.0.0.0/7 -> 0.0.0.0 tun0 mtu 0,196.0.0.0/6 -> 0.0.0.0 tun0 mtu 0,200.0.0.0/5 -> 0.0.0.0 tun0 mtu 0,208.0.0.0/4 -> 0.0.0.0 tun0 mtu 0,240.0.0.0/5 -> 0.0.0.0 tun0 mtu 0,248.0.0.0/6 -> 0.0.0.0 tun0 mtu 0,252.0.0.0/7 -> 0.0.0.0 tun0 mtu 0,254.0.0.0/8 -> 0.0.0.0 tun0 mtu 0,255.0.0.0/9 -> 0.0.0.0 tun0 mtu 0,255.128.0.0/10 -> 0.0.0.0 tun0 mtu 0,255.192.0.0/11 -> 0.0.0.0 tun0 mtu 0,255.224.0.0/12 -> 0.0.0.0 tun0 mtu 0,255.240.0.0/13 -> 0.0.0.0 tun0 mtu 0,255.248.0.0/14 -> 0.0.0.0 tun0 mtu 0,255.252.0.0/15 -> 0.0.0.0 tun0 mtu 0,255.254.0.0/16 -> 0.0.0.0 tun0 mtu 0,255.255.0.0/17 -> 0.0.0.0 tun0 mtu 0,255.255.128.0/18 -> 0.0.0.0 tun0 mtu 0,255.255.192.0/19 -> 0.0.0.0 tun0 mtu 0,255.255.224.0/20 -> 0.0.0.0 tun0 mtu 0,255.255.240.0/21 -> 0.0.0.0 tun0 mtu 0,255.255.248.0/22 -> 0.0.0.0 tun0 mtu 0,255.255.252.0/23 -> 0.0.0.0 tun0 mtu 0,255.255.254.0/24 -> 0.0.0.0 tun0 mtu 0,255.255.255.0/25 -> 0.0.0.0 tun0 mtu 0,255.255.255.128/26 -> 0.0.0.0 tun0 mtu 0,255.255.255.192/27 -> 0.0.0.0 tun0 mtu 0,255.255.255.224/28 -> 0.0.0.0 tun0 mtu 0,255.255.255.240/29 -> 0.0.0.0 tun0 mtu 0,255.255.255.248/30 -> 0.0.0.0 tun0 mtu 0,255.255.255.252/31 -> 0.0.0.0 tun0 mtu 0,255.255.255.254/32 -> 0.0.0.0 tun0 mtu 0,::/1 -> :: tun0 mtu 0,8000::/2 -> :: tun0 mtu 0,c000::/3 -> :: tun0 mtu 0,e000::/4 -> :: tun0 mtu 0,f000::/5 -> :: tun0 mtu 0,f800::/6 -> :: tun0 mtu 0,fe00::/9 -> :: tun0 mtu 0,fec0::/10 -> :: tun0 mtu 0,172.19.0.0/30 -> 0.0.0.0 tun0 mtu 0,fdfe:dcba:9876::/126 -> :: tun0 mtu 0 ] HttpProxy: [127.0.0.1] 7890 xl=*zhihu.com,*zhimg.com,*jd.com,100ime-iat-api.xfyun.cn,*360buyimg.com,localhost,*.local,127.*,10.*,172.16.*,172.17.*,172.18.*,172.19.*,172.2*,172.30.*,172.31.*,192.168.*}}  nc{[ Transports: WIFI|VPN Capabilities: NOT_METERED&INTERNET&NOT_RESTRICTED&TRUSTED&VALIDATED&NOT_ROAMING&FOREGROUND&NOT_CONGESTED&NOT_SUSPENDED&NOT_VCN_MANAGED&NOT_BANDWIDTH_CONSTRAINED LinkUpBandwidth>=137396Kbps LinkDnBandwidth>=69889Kbps TransportInfo: <VpnTransportInfo{type=1, sessionId=FlClash, bypassable=false longLivedTcpConnectionsExpensive=false}> Uids: <{1000-1000, 1073-1073, 2000-2000, 10010-10010, 10014-10015
09-25 23:10:07.268 D/OemPaidWifiNetworkFactory( 3025): got request NetworkRequest [ REQUEST id=28502, [ Capabilities: INTERNET&NOT_RESTRICTED&TRUSTED&NOT_VCN_MANAGED&NOT_BANDWIDTH_CONSTRAINED Uid: 10216 RequestorUid: 10216 RequestorPkg: com.github.android UnderlyingNetworks: Null] ]
09-25 23:10:07.268 D/FlymeDisplayController( 3025): top window = Window{278a4ac u0 com.github.android/com.github.android.auth.SimplifiedLoginActivity} , windowtype = 1
09-25 23:10:07.268 D/MultiInternetWifiNetworkFactory( 3025): got request NetworkRequest [ REQUEST id=28502, [ Capabilities: INTERNET&NOT_RESTRICTED&TRUSTED&NOT_VCN_MANAGED&NOT_BANDWIDTH_CONSTRAINED Uid: 10216 RequestorUid: 10216 RequestorPkg: com.github.android UnderlyingNetworks: Null] ]

============================================================

--- Trigger point at line 13157 ---
09-25 23:10:07.241 D/FileUtils( 3025): Rounded bytes from 11777146880 to 16000000000
09-25 23:10:07.247 D/CoreBackPreview( 3025): Window{278a4ac u0 com.github.android/com.github.android.auth.SimplifiedLoginActivity}: Setting back callback OnBackInvokedCallbackInfo{mCallback=android.window.IOnBackInvokedCallback$Stub$Proxy@3878b47, mPriority=-1, mIsAnimationCallback=false, mOverrideBehavior=0}
09-25 23:10:07.248 D/CoreBackPreview( 3025): Window{278a4ac u0 com.github.android/com.github.android.auth.SimplifiedLoginActivity}: Setting back callback OnBackInvokedCallbackInfo{mCallback=android.window.IOnBackInvokedCallback$Stub$Proxy@d101f74, mPriority=0, mIsAnimationCallback=true, mOverrideBehavior=0}
09-25 23:10:07.249 E/FlymeSurfaceFlingerExtension( 1664): FPS: 92.537315
09-25 23:10:07.264 D/ConnectivityService( 3025): requestNetwork for uid/pid:10216/24966 activeRequest: null callbackRequest: 28501 [NetworkRequest [ REQUEST id=28502, [ Capabilities: INTERNET&NOT_RESTRICTED&TRUSTED&NOT_VCN_MANAGED&NOT_BANDWIDTH_CONSTRAINED Uid: 10216 RequestorUid: 10216 RequestorPkg: com.github.android UnderlyingNetworks: Null] ]] callback flags: 0 order: 2147483647 isUidTracked: false declaredMethods: AVAIL|LOST|NC|BLK
09-25 23:10:07.265 D/ConnectivityService( 3025): rematch for [113 WIFI|VPN]
09-25 23:10:07.265 D/ConnectivityService( 3025):    accepting network in place of null for NetworkRequest [ REQUEST id=28502, [ Capabilities: INTERNET&NOT_RESTRICTED&TRUSTED&NOT_VCN_MANAGED&NOT_BANDWIDTH_CONSTRAINED Uid: 10216 RequestorUid: 10216 RequestorPkg: com.github.android UnderlyingNetworks: Null] ]
09-25 23:10:07.265 D/ConnectivityService( 3025): sending notification CALLBACK_AVAILABLE for NetworkRequest [ TRACK_DEFAULT id=28501, [ Capabilities: INTERNET&NOT_RESTRICTED&TRUSTED&NOT_VCN_MANAGED&NOT_BANDWIDTH_CONSTRAINED Uid: 10216 RequestorUid: 10216 RequestorPkg: com.github.android UnderlyingNetworks: Null] ]
09-25 23:10:07.266 D/ConnectivityService( 3025): Adding agent NetworkAgentInfo{network{113}  handle{488737001485}  ni{VPN CONNECTED extra: VPN:com.follow.clash} created=2026-09-24T15:22:05.845Z Score(Policies : EVER_EVALUATED&IS_UNMETERED&IS_VPN&EVER_VALIDATED&IS_VALIDATED ; KeepConnected : 0)  created 213917533 firstValidated 213917701 lastValidated 213917701  lp{{InterfaceName: tun0 LinkAddresses: [ 172.19.0.1/30,fdfe:dcba:9876::1/126 ] DnsAddresses: [ /172.19.0.2,/fdfe:dcba:9876::2 ] Domains:  MTU: 9000 Routes: [ 1.0.0.0/8 -> 0.0.0.0 tun0 mtu 0,2.0.0.0/7 -> 0.0.0.0 tun0 mtu 0,4.0.0.0/6 -> 0.0.0.0 tun0 mtu 0,8.0.0.0/7 -> 0.0.0.0 tun0 mtu 0,11.0.0.0/8 -> 0.0.0.0 tun0 mtu 0,12.0.0.0/6 -> 0.0.0.0 tun0 mtu 0,16.0.0.0/4 -> 0.0.0.0 tun0 mtu 0,32.0.0.0/3 -> 0.0.0.0 tun0 mtu 0,64.0.0.0/3 -> 0.0.0.0 tun0 mtu 0,96.0.0.0/4 -> 0.0.0.0 tun0 mtu 0,112.0.0.0/5 -> 0.0.0.0 tun0 mtu 0,120.0.0.0/6 -> 0.0.0.0 tun0 mtu 0,124.0.0.0/7 -> 0.0.0.0 tun0 mtu 0,126.0.0.0/8 -> 0.0.0.0 tun0 mtu 0,128.0.0.0/3 -> 0.0.0.0 tun0 mtu 0,160.0.0.0/5 -> 0.0.0.0 tun0 mtu 0,168.0.0.0/8 -> 0.0.0.0 tun0 mtu 0,169.0.0.0/9 -> 0.0.0.0 tun0 mtu 0,169.128.0.0/10 -> 0.0.0.0 tun0 mtu 0,169.192.0.0/11 -> 0.0.0.0 tun0 mtu 0,169.224.0.0/12 -> 0.0.0.0 tun0 mtu 0,169.240.0.0/13 -> 0.0.0.0 tun0 mtu 0,169.248.0.0/14 -> 0.0.0.0 tun0 mtu 0,169.252.0.0/15 -> 0.0.0.0 tun0 mtu 0,169.255.0.0/16 -> 0.0.0.0 tun0 mtu 0,170.0.0.0/7 -> 0.0.0.0 tun0 mtu 0,172.0.0.0/12 -> 0.0.0.0 tun0 mtu 0,172.32.0.0/11 -> 0.0.0.0 tun0 mtu 0,172.64.0.0/10 -> 0.0.0.0 tun0 mtu 0,172.128.0.0/9 -> 0.0.0.0 tun0 mtu 0,173.0.0.0/8 -> 0.0.0.0 tun0 mtu 0,174.0.0.0/7 -> 0.0.0.0 tun0 mtu 0,176.0.0.0/4 -> 0.0.0.0 tun0 mtu 0,192.0.0.0/9 -> 0.0.0.0 tun0 mtu 0,192.128.0.0/11 -> 0.0.0.0 tun0 mtu 0,192.160.0.0/13 -> 0.0.0.0 tun0 mtu 0,192.169.0.0/16 -> 0.0.0.0 tun0 mtu 0,192.170.0.0/15 -> 0.0.0.0 tun0 mtu 0,192.172.0.0/14 -> 0.0.0.0 tun0 mtu 0,192.176.0.0/12 -> 0.0.0.0 tun0 mtu 0,192.192.0.0/10 -> 0.0.0.0 tun0 mtu 0,193.0.0.0/8 -> 0.0.0.0 tun0 mtu 0,194.0.0.0/7 -> 0.0.0.0 tun0 mtu 0,196.0.0.0/6 -> 0.0.0.0 tun0 mtu 0,200.0.0.0/5 -> 0.0.0.0 tun0 mtu 0,208.0.0.0/4 -> 0.0.0.0 tun0 mtu 0,240.0.0.0/5 -> 0.0.0.0 tun0 mtu 0,248.0.0.0/6 -> 0.0.0.0 tun0 mtu 0,252.0.0.0/7 -> 0.0.0.0 tun0 mtu 0,254.0.0.0/8 -> 0.0.0.0 tun0 mtu 0,255.0.0.0/9 -> 0.0.0.0 tun0 mtu 0,255.128.0.0/10 -> 0.0.0.0 tun0 mtu 0,255.192.0.0/11 -> 0.0.0.0 tun0 mtu 0,255.224.0.0/12 -> 0.0.0.0 tun0 mtu 0,255.240.0.0/13 -> 0.0.0.0 tun0 mtu 0,255.248.0.0/14 -> 0.0.0.0 tun0 mtu 0,255.252.0.0/15 -> 0.0.0.0 tun0 mtu 0,255.254.0.0/16 -> 0.0.0.0 tun0 mtu 0,255.255.0.0/17 -> 0.0.0.0 tun0 mtu 0,255.255.128.0/18 -> 0.0.0.0 tun0 mtu 0,255.255.192.0/19 -> 0.0.0.0 tun0 mtu 0,255.255.224.0/20 -> 0.0.0.0 tun0 mtu 0,255.255.240.0/21 -> 0.0.0.0 tun0 mtu 0,255.255.248.0/22 -> 0.0.0.0 tun0 mtu 0,255.255.252.0/23 -> 0.0.0.0 tun0 mtu 0,255.255.254.0/24 -> 0.0.0.0 tun0 mtu 0,255.255.255.0/25 -> 0.0.0.0 tun0 mtu 0,255.255.255.128/26 -> 0.0.0.0 tun0 mtu 0,255.255.255.192/27 -> 0.0.0.0 tun0 mtu 0,255.255.255.224/28 -> 0.0.0.0 tun0 mtu 0,255.255.255.240/29 -> 0.0.0.0 tun0 mtu 0,255.255.255.248/30 -> 0.0.0.0 tun0 mtu 0,255.255.255.252/31 -> 0.0.0.0 tun0 mtu 0,255.255.255.254/32 -> 0.0.0.0 tun0 mtu 0,::/1 -> :: tun0 mtu 0,8000::/2 -> :: tun0 mtu 0,c000::/3 -> :: tun0 mtu 0,e000::/4 -> :: tun0 mtu 0,f000::/5 -> :: tun0 mtu 0,f800::/6 -> :: tun0 mtu 0,fe00::/9 -> :: tun0 mtu 0,fec0::/10 -> :: tun0 mtu 0,172.19.0.0/30 -> 0.0.0.0 tun0 mtu 0,fdfe:dcba:9876::/126 -> :: tun0 mtu 0 ] HttpProxy: [127.0.0.1] 7890 xl=*zhihu.com,*zhimg.com,*jd.com,100ime-iat-api.xfyun.cn,*360buyimg.com,localhost,*.local,127.*,10.*,172.16.*,172.17.*,172.18.*,172.19.*,172.2*,172.30.*,172.31.*,192.168.*}}  nc{[ Transports: WIFI|VPN Capabilities: NOT_METERED&INTERNET&NOT_RESTRICTED&TRUSTED&VALIDATED&NOT_ROAMING&FOREGROUND&NOT_CONGESTED&NOT_SUSPENDED&NOT_VCN_MANAGED&NOT_BANDWIDTH_CONSTRAINED LinkUpBandwidth>=137396Kbps LinkDnBandwidth>=69889Kbps TransportInfo: <VpnTransportInfo{type=1, sessionId=FlClash, bypassable=false longLivedTcpConnectionsExpensive=false}> Uids: <{1000-1000, 1073-1073, 2000-2000, 10010-10010, 10014-10015
09-25 23:10:07.268 D/OemPaidWifiNetworkFactory( 3025): got request NetworkRequest [ REQUEST id=28502, [ Capabilities: INTERNET&NOT_RESTRICTED&TRUSTED&NOT_VCN_MANAGED&NOT_BANDWIDTH_CONSTRAINED Uid: 10216 RequestorUid: 10216 RequestorPkg: com.github.android UnderlyingNetworks: Null] ]
09-25 23:10:07.268 D/FlymeDisplayController( 3025): top window = Window{278a4ac u0 com.github.android/com.github.android.auth.SimplifiedLoginActivity} , windowtype = 1
09-25 23:10:07.268 D/MultiInternetWifiNetworkFactory( 3025): got request NetworkRequest [ REQUEST id=28502, [ Capabilities: INTERNET&NOT_RESTRICTED&TRUSTED&NOT_VCN_MANAGED&NOT_BANDWIDTH_CONSTRAINED Uid: 10216 RequestorUid: 10216 RequestorPkg: com.github.android UnderlyingNetworks: Null] ]
09-25 23:10:07.269 D/MultiInternetWifiNetworkFactory( 3025): acceptRequest, isStaConcurrencyForMultiInternetEnabled false, isWifiMultiInternetRequest false
09-25 23:10:07.270 D/UntrustedWifiNetworkFactory( 3025): got request NetworkRequest [ REQUEST id=28502, [ Capabilities: INTERNET&NOT_RESTRICTED&TRUSTED&NOT_VCN_MANAGED&NOT_BANDWIDTH_CONSTRAINED Uid: 10216 RequestorUid: 10216 RequestorPkg: com.github.android UnderlyingNetworks: Null] ]
09-25 23:10:07.271 D/ActivityChangedService(12580): onAccessibilityEvent, event: 32
09-25 23:10:07.271 D/ActivityChangedService(12580): onAccessibilityEvent, pkgName: com.github.android
09-25 23:10:07.271 D/ConnectivityService( 3025): Rematched networks [computed 0ms] [applied 1ms] [issued 6]
09-25 23:10:07.271 D/ConnectivityService( 3025): NetworkReassignment :
09-25 23:10:07.271 D/ConnectivityService( 3025):   28502 : null → 113
09-25 23:10:07.275 W/libc    (24966): Access denied finding property "vendor.display.enable_optimal_refresh_rate"

============================================================

--- Trigger point at line 13171 ---
09-25 23:10:07.271 D/ActivityChangedService(12580): onAccessibilityEvent, event: 32
09-25 23:10:07.271 D/ActivityChangedService(12580): onAccessibilityEvent, pkgName: com.github.android
09-25 23:10:07.271 D/ConnectivityService( 3025): Rematched networks [computed 0ms] [applied 1ms] [issued 6]
09-25 23:10:07.271 D/ConnectivityService( 3025): NetworkReassignment :
09-25 23:10:07.271 D/ConnectivityService( 3025):   28502 : null → 113
09-25 23:10:07.275 W/libc    (24966): Access denied finding property "vendor.display.enable_optimal_refresh_rate"
09-25 23:10:07.276 W/libc    (24966): Access denied finding property "vendor.display.enable_optimal_refresh_rate"
09-25 23:10:07.270 W/.github.android(24966): type=1400 audit(0.0:2273679): avc:  denied  { read } for  name="u:object_r:vendor_display_prop:s0" dev="tmpfs" ino=468 scontext=u:r:untrusted_app:s0:c216,c256,c512,c768 tcontext=u:object_r:vendor_display_prop:s0 tclass=file permissive=0 app=com.github.android
09-25 23:10:07.270 W/.github.android(24966): type=1400 audit(0.0:2273680): avc:  denied  { read } for  name="u:object_r:vendor_display_prop:s0" dev="tmpfs" ino=468 scontext=u:r:untrusted_app:s0:c216,c256,c512,c768 tcontext=u:object_r:vendor_display_prop:s0 tclass=file permissive=0 app=com.github.android
09-25 23:10:07.306 W/JobScheduler( 3025): Job didn't exist in JobStore: 7011973 {androidx.work.systemjobscheduler} #u0a216/407 @androidx.work.systemjobscheduler@com.github.android/androidx.work.impl.background.systemjob.SystemJobService
09-25 23:10:07.309 V/WindowManager( 3025): Finish starting ActivityRecord{82777686 u0 com.github.android/.auth.SimplifiedLoginActivity t18983}: first real window is shown, no animation
09-25 23:10:07.310 V/WindowManager( 3025): Schedule remove starting ActivityRecord{82777686 u0 com.github.android/.auth.SimplifiedLoginActivity t18983} startingWindow=Window{6fae560 u0 Splash Screen com.github.android} animate=true Callers=com.android.server.wm.ActivityRecord.removeStartingWindow:2956 com.android.server.wm.ActivityRecord.onFirstWindowDrawn:6989 com.android.server.wm.WindowState.performShowLocked:4421 com.android.server.wm.WindowStateAnimator.commitFinishDrawingLocked:278 com.android.server.wm.DisplayContent.lambda$new$8:1034 
09-25 23:10:07.312 V/ShellStartingWindow( 4164): Task start finish, remove starting surface for task: 18983
09-25 23:10:07.312 E/ANDR-PERF-UTIL( 1606): ANDR-PERF-UTIL: change_node_val() 319: Failed to update node /sys/devices/system/cpu/bus_dcvs/L3/soc:qcom,memlat:l3:prime/min_freq with value 307200
09-25 23:10:07.312 E/ANDR-PERF-RESOURCEQS( 1606): ANDR-PERF-RESOURCEQS: RemoveAndApply() 292: Failed to reset optimization here [13, 22]
09-25 23:10:07.312 E/ANDR-PERF-UTIL( 1606): ANDR-PERF-UTIL: change_node_val() 319: Failed to update node /sys/devices/system/cpu/bus_dcvs/DDR/soc:qcom,memlat:ddr:gold/min_freq with value 547000
09-25 23:10:07.312 E/ANDR-PERF-RESOURCEQS( 1606): ANDR-PERF-RESOURCEQS: RemoveAndApply() 292: Failed to reset optimization here [13, 34]
09-25 23:10:07.313 E/ANDR-PERF-UTIL( 1606): ANDR-PERF-UTIL: change_node_val() 319: Failed to update node /sys/devices/system/cpu/bus_dcvs/LLCC/240b6400.qcom,bwmon-llcc/min_freq with value 300000
09-25 23:10:07.313 E/ANDR-PERF-RESOURCEQS( 1606): ANDR-PERF-RESOURCEQS: RemoveAndApply() 292: Failed to reset optimization here [6, 17]
09-25 23:10:07.313 E/ANDR-PERF-RESOURCEQS( 1606): ANDR-PERF-RESOURCEQS: RemoveAndApply() 292: Failed to reset optimization here [2, 0]

============================================================

--- Trigger point at line 13172 ---
09-25 23:10:07.271 D/ActivityChangedService(12580): onAccessibilityEvent, pkgName: com.github.android
09-25 23:10:07.271 D/ConnectivityService( 3025): Rematched networks [computed 0ms] [applied 1ms] [issued 6]
09-25 23:10:07.271 D/ConnectivityService( 3025): NetworkReassignment :
09-25 23:10:07.271 D/ConnectivityService( 3025):   28502 : null → 113
09-25 23:10:07.275 W/libc    (24966): Access denied finding property "vendor.display.enable_optimal_refresh_rate"
09-25 23:10:07.276 W/libc    (24966): Access denied finding property "vendor.display.enable_optimal_refresh_rate"
09-25 23:10:07.270 W/.github.android(24966): type=1400 audit(0.0:2273679): avc:  denied  { read } for  name="u:object_r:vendor_display_prop:s0" dev="tmpfs" ino=468 scontext=u:r:untrusted_app:s0:c216,c256,c512,c768 tcontext=u:object_r:vendor_display_prop:s0 tclass=file permissive=0 app=com.github.android
09-25 23:10:07.270 W/.github.android(24966): type=1400 audit(0.0:2273680): avc:  denied  { read } for  name="u:object_r:vendor_display_prop:s0" dev="tmpfs" ino=468 scontext=u:r:untrusted_app:s0:c216,c256,c512,c768 tcontext=u:object_r:vendor_display_prop:s0 tclass=file permissive=0 app=com.github.android
09-25 23:10:07.306 W/JobScheduler( 3025): Job didn't exist in JobStore: 7011973 {androidx.work.systemjobscheduler} #u0a216/407 @androidx.work.systemjobscheduler@com.github.android/androidx.work.impl.background.systemjob.SystemJobService
09-25 23:10:07.309 V/WindowManager( 3025): Finish starting ActivityRecord{82777686 u0 com.github.android/.auth.SimplifiedLoginActivity t18983}: first real window is shown, no animation
09-25 23:10:07.310 V/WindowManager( 3025): Schedule remove starting ActivityRecord{82777686 u0 com.github.android/.auth.SimplifiedLoginActivity t18983} startingWindow=Window{6fae560 u0 Splash Screen com.github.android} animate=true Callers=com.android.server.wm.ActivityRecord.removeStartingWindow:2956 com.android.server.wm.ActivityRecord.onFirstWindowDrawn:6989 com.android.server.wm.WindowState.performShowLocked:4421 com.android.server.wm.WindowStateAnimator.commitFinishDrawingLocked:278 com.android.server.wm.DisplayContent.lambda$new$8:1034 
09-25 23:10:07.312 V/ShellStartingWindow( 4164): Task start finish, remove starting surface for task: 18983
09-25 23:10:07.312 E/ANDR-PERF-UTIL( 1606): ANDR-PERF-UTIL: change_node_val() 319: Failed to update node /sys/devices/system/cpu/bus_dcvs/L3/soc:qcom,memlat:l3:prime/min_freq with value 307200
09-25 23:10:07.312 E/ANDR-PERF-RESOURCEQS( 1606): ANDR-PERF-RESOURCEQS: RemoveAndApply() 292: Failed to reset optimization here [13, 22]
09-25 23:10:07.312 E/ANDR-PERF-UTIL( 1606): ANDR-PERF-UTIL: change_node_val() 319: Failed to update node /sys/devices/system/cpu/bus_dcvs/DDR/soc:qcom,memlat:ddr:gold/min_freq with value 547000
09-25 23:10:07.312 E/ANDR-PERF-RESOURCEQS( 1606): ANDR-PERF-RESOURCEQS: RemoveAndApply() 292: Failed to reset optimization here [13, 34]
09-25 23:10:07.313 E/ANDR-PERF-UTIL( 1606): ANDR-PERF-UTIL: change_node_val() 319: Failed to update node /sys/devices/system/cpu/bus_dcvs/LLCC/240b6400.qcom,bwmon-llcc/min_freq with value 300000
09-25 23:10:07.313 E/ANDR-PERF-RESOURCEQS( 1606): ANDR-PERF-RESOURCEQS: RemoveAndApply() 292: Failed to reset optimization here [6, 17]
09-25 23:10:07.313 E/ANDR-PERF-RESOURCEQS( 1606): ANDR-PERF-RESOURCEQS: RemoveAndApply() 292: Failed to reset optimization here [2, 0]
09-25 23:10:07.313 E/ANDR-PERF-RESOURCEQS( 1606): ANDR-PERF-RESOURCEQS: RemoveAndApply() 292: Failed to reset optimization here [2, 0]

============================================================

--- Trigger point at line 13183 ---
09-25 23:10:07.312 V/ShellStartingWindow( 4164): Task start finish, remove starting surface for task: 18983
09-25 23:10:07.312 E/ANDR-PERF-UTIL( 1606): ANDR-PERF-UTIL: change_node_val() 319: Failed to update node /sys/devices/system/cpu/bus_dcvs/L3/soc:qcom,memlat:l3:prime/min_freq with value 307200
09-25 23:10:07.312 E/ANDR-PERF-RESOURCEQS( 1606): ANDR-PERF-RESOURCEQS: RemoveAndApply() 292: Failed to reset optimization here [13, 22]
09-25 23:10:07.312 E/ANDR-PERF-UTIL( 1606): ANDR-PERF-UTIL: change_node_val() 319: Failed to update node /sys/devices/system/cpu/bus_dcvs/DDR/soc:qcom,memlat:ddr:gold/min_freq with value 547000
09-25 23:10:07.312 E/ANDR-PERF-RESOURCEQS( 1606): ANDR-PERF-RESOURCEQS: RemoveAndApply() 292: Failed to reset optimization here [13, 34]
09-25 23:10:07.313 E/ANDR-PERF-UTIL( 1606): ANDR-PERF-UTIL: change_node_val() 319: Failed to update node /sys/devices/system/cpu/bus_dcvs/LLCC/240b6400.qcom,bwmon-llcc/min_freq with value 300000
09-25 23:10:07.313 E/ANDR-PERF-RESOURCEQS( 1606): ANDR-PERF-RESOURCEQS: RemoveAndApply() 292: Failed to reset optimization here [6, 17]
09-25 23:10:07.313 E/ANDR-PERF-RESOURCEQS( 1606): ANDR-PERF-RESOURCEQS: RemoveAndApply() 292: Failed to reset optimization here [2, 0]
09-25 23:10:07.313 E/ANDR-PERF-RESOURCEQS( 1606): ANDR-PERF-RESOURCEQS: RemoveAndApply() 292: Failed to reset optimization here [2, 0]
09-25 23:10:07.313 E/ANDR-PERF-RESOURCEQS( 1606): ANDR-PERF-RESOURCEQS: RemoveAndApply() 292: Failed to reset optimization here [2, 0]
09-25 23:10:07.313 D/FlymeDisplayController( 3025): update window ui control :Window{278a4ac u0 com.github.android/com.github.android.auth.SimplifiedLoginActivity}
09-25 23:10:07.313 E/ANDR-PERF-RESOURCEQS( 1606): ANDR-PERF-RESOURCEQS: RemoveAndApply() 292: Failed to reset optimization here [2, 1]
09-25 23:10:07.313 E/ANDR-PERF-RESOURCEQS( 1606): ANDR-PERF-RESOURCEQS: RemoveAndApply() 292: Failed to reset optimization here [2, 1]
09-25 23:10:07.313 E/ANDR-PERF-RESOURCEQS( 1606): ANDR-PERF-RESOURCEQS: RemoveAndApply() 292: Failed to reset optimization here [2, 1]
09-25 23:10:07.313 D/FlymeDisplayController( 3025): notify uicontrol changed on display 0
09-25 23:10:07.313 D/FlymeSceneRecognitionService( 3025): App scene recognition was disabled.
09-25 23:10:07.317 W/PerfCore( 3025): PerfCore:perf hint acquire release scene = splashscreen_exit_anim not exist
09-25 23:10:07.318 W/JobScheduler( 3025): Job didn't exist in JobStore: 30e8d23 {androidx.work.systemjobscheduler} #u0a216/408 @androidx.work.systemjobscheduler@com.github.android/androidx.work.impl.background.systemjob.SystemJobService
09-25 23:10:07.330 D/SecurityMargin( 3025): updateSecurityMarginState, the switch of security margin is off, return.
09-25 23:10:07.330 D/PasswordMode( 3025): updatePasswordModeState, inputType: 0 isInPasswordMode: false mCurFocusedPkg: com.github.android

============================================================

--- Trigger point at line 13563 ---
09-25 23:10:07.936 E/SmartSwapConfiger( 3025): 	at com.android.server.ServiceThread.run(ServiceThread.java:49)
09-25 23:10:07.937 E/ANDR-PERF-RESOURCEQS( 1606): ANDR-PERF-RESOURCEQS: RemoveAndApply() 292: Failed to reset optimization here [2, 1]
09-25 23:10:07.937 E/ANDR-PERF-RESOURCEQS( 1606): ANDR-PERF-RESOURCEQS: RemoveAndApply() 292: Failed to reset optimization here [2, 0]
09-25 23:10:07.937 E/ANDR-PERF-RESOURCEQS( 1606): ANDR-PERF-RESOURCEQS: RemoveAndApply() 292: Failed to reset optimization here [2, 1]
09-25 23:10:07.937 E/ANDR-PERF-RESOURCEQS( 1606): ANDR-PERF-RESOURCEQS: RemoveAndApply() 292: Failed to reset optimization here [2, 0]
09-25 23:10:07.937 E/ANDR-PERF-RESOURCEQS( 1606): ANDR-PERF-RESOURCEQS: RemoveAndApply() 292: Failed to reset optimization here [2, 1]
09-25 23:10:07.937 E/ANDR-PERF-RESOURCEQS( 1606): ANDR-PERF-RESOURCEQS: RemoveAndApply() 292: Failed to reset optimization here [2, 0]
09-25 23:10:07.937 I/NotificationShadeWindowController( 4164): isWakeAndUnlock = false, isKeyguardGoingAway =false
09-25 23:10:07.937 D/NotificationShadeWindowController( 4164): forceFaceRecognitionBrightness false,mScreenBrightnessFaceRecognition 0.0
09-25 23:10:07.941 D/BackgroundInstallControlService( 3025): Package event received: 0
09-25 23:10:07.942 D/AppLocker( 3025): isPopupUnlockingActivity::begin: com.github.android/com.github.android.auth.SimplifiedLoginActivity/Intent { flg=0x10000000 xflg=0x4 cmp=com.github.android/.auth.SimplifiedLoginActivity (has extras) }
09-25 23:10:07.942 D/AppLocker( 3025): isPopupUnlockingActivity::end: ,/false/false
09-25 23:10:07.942 W/WindowManager( 3025): Cannot find window which accessibility connection is added to
09-25 23:10:07.943 I/DynamicDDSService( 4342): handleMessage(ACTIVITY_INVOKE{appInfo=com.github.android isFullScreen=}true)
09-25 23:10:07.944 W/WindowManager( 3025): Failed looking up window session=Session{1104459 4164:u0a10064} callers=com.android.server.wm.WindowManagerService.removeClientToken:2188 com.android.server.wm.Session.remove:270 android.view.IWindowSession$Stub.onTransact:696 
09-25 23:10:07.946 D/RecentsView( 4722): onTaskRemoved: 18982, not handling task stack changes
09-25 23:10:07.947 D/RecentsView( 4722): onTaskRemoved: 18982, not handling task stack changes
09-25 23:10:07.948 D/IntentFirewall( 3025): CHECK INTENT - ComponentName[com.alibaba.wireless/com.taobao.accs.internal.AccsJobService], intentType[service], intent[null], caller/callee[1000, 10400], callerPackage/calleePackage[android, com.alibaba.wireless]
09-25 23:10:07.948 D/IntentFirewall( 3025): [SKIP] ifw is not enabled
09-25 23:10:07.948 D/ActivityManager( 3025): Skip bind service as frozen :ProcessRecord{8dc61fc 30555:com.alibaba.wireless:channel/u0a400}

============================================================

--- Trigger point at line 14494 ---
09-25 23:10:08.979 D/AppLocker( 3025): isPopupUnlockingActivity::begin: com.github.android/net.openid.appauth.AuthorizationManagementActivity/Intent { flg=0x10000000 xflg=0x4 cmp=com.github.android/net.openid.appauth.AuthorizationManagementActivity (has extras) }
09-25 23:10:08.979 D/AppLocker( 3025): isPopupUnlockingActivity::end: ,/false/false
09-25 23:10:08.979 D/ActivityTaskManager( 3025): addStartingWindow getStartingWindowType 0 ActivityRecord{96349044 u0 com.github.android/net.openid.appauth.AuthorizationManagementActivity t18983} allowTaskSnapshot true newTask false taskSwitch false processRunning true activityCreated false activityAllDrawn false isSnapshotCompatible false theme 7f140308 resolvedTheme 0 isActivityUnlocking false
09-25 23:10:08.979 D/ActivityTaskManager( 3025): addStartingWindow themeNoStarting ActivityRecord{96349044 u0 com.github.android/net.openid.appauth.AuthorizationManagementActivity t18983}
09-25 23:10:08.979 D/lowmemorykiller(  886): Not killing for critical pressure event polling check
09-25 23:10:08.979 D/ActivityTrigger( 3025): ActivityTrigger activityPauseTrigger 
09-25 23:10:08.982 E/ANDR-PERF-UTIL( 1606): ANDR-PERF-UTIL: change_node_val() 319: Failed to update node /sys/devices/system/cpu/bus_dcvs/DDR/soc:qcom,memlat:ddr:gold/min_freq with value 4200000
09-25 23:10:08.982 E/ANDR-PERF-RESOURCEQS( 1606): ANDR-PERF-RESOURCEQS: AddAndApply() 167: Failed to apply optimization [13, 34]
09-25 23:10:08.982 E/ANDR-PERF-UTIL( 1606): ANDR-PERF-UTIL: change_node_val() 319: Failed to update node /sys/devices/system/cpu/bus_dcvs/L3/soc:qcom,memlat:l3:prime/min_freq with value 1804800
09-25 23:10:08.982 E/ANDR-PERF-RESOURCEQS( 1606): ANDR-PERF-RESOURCEQS: AddAndApply() 167: Failed to apply optimization [13, 22]
09-25 23:10:08.983 V/WindowManagerShell( 4164): Transition requested (#15935): android.os.BinderProxy@babee7b TransitionRequestInfo { type = OPEN, triggerTask = TaskInfo{userId=0 taskId=18983 effectiveUid=10216 displayId=0 isRunning=true baseIntent=Intent { flg=0x10000000 cmp=com.github.android/.auth.SimplifiedLoginActivity } baseActivity=ComponentInfo{com.github.android/com.github.android.auth.SimplifiedLoginActivity} topActivity=ComponentInfo{com.github.android/net.openid.appauth.AuthorizationManagementActivity} origActivity=null realActivity=ComponentInfo{com.github.android/com.github.android.auth.SimplifiedLoginActivity} numActivities=2 lastActiveTime=299600613 supportsMultiWindow=true resizeMode=1 isResizeable=true minWidth=-1 minHeight=-1 defaultMinSize=220 token=WCT{android.window.IWindowContainerToken$Stub$Proxy@9003498} topActivityType=1 pictureInPictureParams=null shouldDockBigOverlays=false launchIntoPipHostTaskId=-1 lastParentTaskIdBeforePip=-1 displayCutoutSafeInsets=Rect(0, 0 - 0, 0) topActivityInfo=ActivityInfo{aace4f1 net.openid.appauth.AuthorizationManagementActivity} launchCookies=[android.os.BinderProxy@a557712] positionInParent=Point(0, 0) parentTaskId=-1 isFocused=true isVisible=true isVisibleRequested=true isTopActivityNoDisplay=false isSleeping=false locusId=null displayAreaFeatureId=1 isTopActivityTransparent=true isActivityStackTransparent=false lastNonFullscreenBounds=Rect(285, 718 - 795, 1798) capturedLink=null capturedLinkTimestamp=0 requestedVisibleTypes=-9 topActivityRequestOpenInBrowserEducationTimestamp=0 appCompatTaskInfo=AppCompatTaskInfo { topActivityInSizeCompat=false eligibleForLetterboxEducation= false isLetterboxEducationEnabled= false isLetterboxDoubleTapEnabled= false eligibleForUserAspectRatioButton= false topActivityBoundsLetterboxed= false isFromLetterboxDoubleTap= false topActivityLetterboxVerticalPosition= -1 topActivityLetterboxHorizontalPosition= -1 topActivityLetterboxWidth=-1 topActivityLetterboxHeight=-1 topActivityAppBounds=Rect(0, 0 - 1080, 2400) isUserFullscreenOverrideEnabled=false isSystemFullscreenOverrideEnabled=false hasMinAspectRatioOverride=false topActivityLetterboxBounds=null cameraCompatTaskInfo=CameraCompatTaskInfo { freeformCameraCompatMode=inactive}} topActivityMainWindowFrame=null}, pipChange = null, remoteTransition = null, displayChange = null, flags = 0, debugId = 15935 }
09-25 23:10:08.984 D/ShellSplitScreen( 4164): logExit: no-op, mLoggerSessionId is null
09-25 23:10:08.984 I/ActivityTaskManager( 3025): START u0 {xflg=0x4 cmp=com.github.android/net.openid.appauth.AuthorizationManagementActivity (has extras)} with LAUNCH_SINGLE_TASK from uid 10216 pid 24966 callingPackage com.github.android (rr=82777686) (BAL_ALLOW_VISIBLE_WINDOW) result code=0 moveToFront=transientHide
09-25 23:10:08.985 E/RippleDrawable(24966): The RippleDrawable.STYLE_PATTERNED animation is not supported for a non-hardware accelerated Canvas. Skipping animation.
09-25 23:10:08.985 E/RippleDrawable(24966): The RippleDrawable.STYLE_PATTERNED animation is not supported for a non-hardware accelerated Canvas. Skipping animation.
09-25 23:10:08.989 D/MzMobileDataTurboTracker(26308):  
09-25 23:10:08.989 D/MzMobileDataTurboTracker(26308):  
09-25 23:10:08.989 D/MzMobileDataTurboTracker(26308): uid = 10216 state = pause
09-25 23:10:08.989 D/MzMobileDataTurboTracker(26308): packageName = com.github.android mClassName = com.github.android.auth.SimplifiedLoginActivity
09-25 23:10:08.989 D/MzMobileDataTurboTracker(26308): mWindowingMode = 1

============================================================

--- Trigger point at line 14502 ---
09-25 23:10:08.982 E/ANDR-PERF-UTIL( 1606): ANDR-PERF-UTIL: change_node_val() 319: Failed to update node /sys/devices/system/cpu/bus_dcvs/L3/soc:qcom,memlat:l3:prime/min_freq with value 1804800
09-25 23:10:08.982 E/ANDR-PERF-RESOURCEQS( 1606): ANDR-PERF-RESOURCEQS: AddAndApply() 167: Failed to apply optimization [13, 22]
09-25 23:10:08.983 V/WindowManagerShell( 4164): Transition requested (#15935): android.os.BinderProxy@babee7b TransitionRequestInfo { type = OPEN, triggerTask = TaskInfo{userId=0 taskId=18983 effectiveUid=10216 displayId=0 isRunning=true baseIntent=Intent { flg=0x10000000 cmp=com.github.android/.auth.SimplifiedLoginActivity } baseActivity=ComponentInfo{com.github.android/com.github.android.auth.SimplifiedLoginActivity} topActivity=ComponentInfo{com.github.android/net.openid.appauth.AuthorizationManagementActivity} origActivity=null realActivity=ComponentInfo{com.github.android/com.github.android.auth.SimplifiedLoginActivity} numActivities=2 lastActiveTime=299600613 supportsMultiWindow=true resizeMode=1 isResizeable=true minWidth=-1 minHeight=-1 defaultMinSize=220 token=WCT{android.window.IWindowContainerToken$Stub$Proxy@9003498} topActivityType=1 pictureInPictureParams=null shouldDockBigOverlays=false launchIntoPipHostTaskId=-1 lastParentTaskIdBeforePip=-1 displayCutoutSafeInsets=Rect(0, 0 - 0, 0) topActivityInfo=ActivityInfo{aace4f1 net.openid.appauth.AuthorizationManagementActivity} launchCookies=[android.os.BinderProxy@a557712] positionInParent=Point(0, 0) parentTaskId=-1 isFocused=true isVisible=true isVisibleRequested=true isTopActivityNoDisplay=false isSleeping=false locusId=null displayAreaFeatureId=1 isTopActivityTransparent=true isActivityStackTransparent=false lastNonFullscreenBounds=Rect(285, 718 - 795, 1798) capturedLink=null capturedLinkTimestamp=0 requestedVisibleTypes=-9 topActivityRequestOpenInBrowserEducationTimestamp=0 appCompatTaskInfo=AppCompatTaskInfo { topActivityInSizeCompat=false eligibleForLetterboxEducation= false isLetterboxEducationEnabled= false isLetterboxDoubleTapEnabled= false eligibleForUserAspectRatioButton= false topActivityBoundsLetterboxed= false isFromLetterboxDoubleTap= false topActivityLetterboxVerticalPosition= -1 topActivityLetterboxHorizontalPosition= -1 topActivityLetterboxWidth=-1 topActivityLetterboxHeight=-1 topActivityAppBounds=Rect(0, 0 - 1080, 2400) isUserFullscreenOverrideEnabled=false isSystemFullscreenOverrideEnabled=false hasMinAspectRatioOverride=false topActivityLetterboxBounds=null cameraCompatTaskInfo=CameraCompatTaskInfo { freeformCameraCompatMode=inactive}} topActivityMainWindowFrame=null}, pipChange = null, remoteTransition = null, displayChange = null, flags = 0, debugId = 15935 }
09-25 23:10:08.984 D/ShellSplitScreen( 4164): logExit: no-op, mLoggerSessionId is null
09-25 23:10:08.984 I/ActivityTaskManager( 3025): START u0 {xflg=0x4 cmp=com.github.android/net.openid.appauth.AuthorizationManagementActivity (has extras)} with LAUNCH_SINGLE_TASK from uid 10216 pid 24966 callingPackage com.github.android (rr=82777686) (BAL_ALLOW_VISIBLE_WINDOW) result code=0 moveToFront=transientHide
09-25 23:10:08.985 E/RippleDrawable(24966): The RippleDrawable.STYLE_PATTERNED animation is not supported for a non-hardware accelerated Canvas. Skipping animation.
09-25 23:10:08.985 E/RippleDrawable(24966): The RippleDrawable.STYLE_PATTERNED animation is not supported for a non-hardware accelerated Canvas. Skipping animation.
09-25 23:10:08.989 D/MzMobileDataTurboTracker(26308):  
09-25 23:10:08.989 D/MzMobileDataTurboTracker(26308):  
09-25 23:10:08.989 D/MzMobileDataTurboTracker(26308): uid = 10216 state = pause
09-25 23:10:08.989 D/MzMobileDataTurboTracker(26308): packageName = com.github.android mClassName = com.github.android.auth.SimplifiedLoginActivity
09-25 23:10:08.989 D/MzMobileDataTurboTracker(26308): mWindowingMode = 1
09-25 23:10:08.989 D/MzMobileDataTurboTracker(26308): removeActivityFromUIDInfo: uid = 10216
09-25 23:10:08.989 D/MzMobileDataTurboTracker(26308): Activity =  mPackageName:com.github.android mState:pause mClassName:com.github.android.auth.SimplifiedLoginActivity mTaskId:18983 mPid:24966 mUID:10216 mWindowingMode:1
09-25 23:10:08.989 D/MzMobileDataTurboTracker(26308): activity: com.github.android:com.github.android.auth.SimplifiedLoginActivity remove success
09-25 23:10:08.989 D/MzMobileDataTurboTracker(26308): info =  mUID = 10216 mOnResumeActivityMap = {} mOnResumeActivityCount = 0
09-25 23:10:08.986 W/Thread-10(31618): type=1400 audit(0.0:2273692): avc:  denied  { read } for  name="tcp" dev="proc" ino=4026532037 scontext=u:r:untrusted_app_30:s0:c22,c257,c512,c768 tcontext=u:object_r:proc_net_tcp_udp:s0 tclass=file permissive=0 app=com.midea.ai.appliances
09-25 23:10:08.990 D/AppLocker( 3025): isPopupUnlockingActivity::begin: com.github.android/net.openid.appauth.AuthorizationManagementActivity/Intent { flg=0x10000000 xflg=0x4 cmp=com.github.android/net.openid.appauth.AuthorizationManagementActivity (has extras) }
09-25 23:10:08.990 D/AppLocker( 3025): isPopupUnlockingActivity::end: ,/false/false
09-25 23:10:08.990 D/AppLocker( 3025): isPopupUnlockingActivity::begin: com.github.android/com.github.android.auth.SimplifiedLoginActivity/Intent { flg=0x10000000 xflg=0x4 cmp=com.github.android/.auth.SimplifiedLoginActivity (has extras) }

============================================================

--- Trigger point at line 14505 ---
09-25 23:10:08.984 D/ShellSplitScreen( 4164): logExit: no-op, mLoggerSessionId is null
09-25 23:10:08.984 I/ActivityTaskManager( 3025): START u0 {xflg=0x4 cmp=com.github.android/net.openid.appauth.AuthorizationManagementActivity (has extras)} with LAUNCH_SINGLE_TASK from uid 10216 pid 24966 callingPackage com.github.android (rr=82777686) (BAL_ALLOW_VISIBLE_WINDOW) result code=0 moveToFront=transientHide
09-25 23:10:08.985 E/RippleDrawable(24966): The RippleDrawable.STYLE_PATTERNED animation is not supported for a non-hardware accelerated Canvas. Skipping animation.
09-25 23:10:08.985 E/RippleDrawable(24966): The RippleDrawable.STYLE_PATTERNED animation is not supported for a non-hardware accelerated Canvas. Skipping animation.
09-25 23:10:08.989 D/MzMobileDataTurboTracker(26308):  
09-25 23:10:08.989 D/MzMobileDataTurboTracker(26308):  
09-25 23:10:08.989 D/MzMobileDataTurboTracker(26308): uid = 10216 state = pause
09-25 23:10:08.989 D/MzMobileDataTurboTracker(26308): packageName = com.github.android mClassName = com.github.android.auth.SimplifiedLoginActivity
09-25 23:10:08.989 D/MzMobileDataTurboTracker(26308): mWindowingMode = 1
09-25 23:10:08.989 D/MzMobileDataTurboTracker(26308): removeActivityFromUIDInfo: uid = 10216
09-25 23:10:08.989 D/MzMobileDataTurboTracker(26308): Activity =  mPackageName:com.github.android mState:pause mClassName:com.github.android.auth.SimplifiedLoginActivity mTaskId:18983 mPid:24966 mUID:10216 mWindowingMode:1
09-25 23:10:08.989 D/MzMobileDataTurboTracker(26308): activity: com.github.android:com.github.android.auth.SimplifiedLoginActivity remove success
09-25 23:10:08.989 D/MzMobileDataTurboTracker(26308): info =  mUID = 10216 mOnResumeActivityMap = {} mOnResumeActivityCount = 0
09-25 23:10:08.986 W/Thread-10(31618): type=1400 audit(0.0:2273692): avc:  denied  { read } for  name="tcp" dev="proc" ino=4026532037 scontext=u:r:untrusted_app_30:s0:c22,c257,c512,c768 tcontext=u:object_r:proc_net_tcp_udp:s0 tclass=file permissive=0 app=com.midea.ai.appliances
09-25 23:10:08.990 D/AppLocker( 3025): isPopupUnlockingActivity::begin: com.github.android/net.openid.appauth.AuthorizationManagementActivity/Intent { flg=0x10000000 xflg=0x4 cmp=com.github.android/net.openid.appauth.AuthorizationManagementActivity (has extras) }
09-25 23:10:08.990 D/AppLocker( 3025): isPopupUnlockingActivity::end: ,/false/false
09-25 23:10:08.990 D/AppLocker( 3025): isPopupUnlockingActivity::begin: com.github.android/com.github.android.auth.SimplifiedLoginActivity/Intent { flg=0x10000000 xflg=0x4 cmp=com.github.android/.auth.SimplifiedLoginActivity (has extras) }
09-25 23:10:08.990 D/AppLocker( 3025): isPopupUnlockingActivity::end: ,/false/false
09-25 23:10:08.990 I/ActivityTaskManager( 3025): The Process com.github.android Already Exists in BG. So sending its PID: 24966
09-25 23:10:08.991 D/AppEventMonitor( 8006): state: pause, windowingMode: 1, displayId: 0, packageName: com.github.android, className: com.github.android.auth.SimplifiedLoginActivity

============================================================

--- Trigger point at line 14506 ---
09-25 23:10:08.984 I/ActivityTaskManager( 3025): START u0 {xflg=0x4 cmp=com.github.android/net.openid.appauth.AuthorizationManagementActivity (has extras)} with LAUNCH_SINGLE_TASK from uid 10216 pid 24966 callingPackage com.github.android (rr=82777686) (BAL_ALLOW_VISIBLE_WINDOW) result code=0 moveToFront=transientHide
09-25 23:10:08.985 E/RippleDrawable(24966): The RippleDrawable.STYLE_PATTERNED animation is not supported for a non-hardware accelerated Canvas. Skipping animation.
09-25 23:10:08.985 E/RippleDrawable(24966): The RippleDrawable.STYLE_PATTERNED animation is not supported for a non-hardware accelerated Canvas. Skipping animation.
09-25 23:10:08.989 D/MzMobileDataTurboTracker(26308):  
09-25 23:10:08.989 D/MzMobileDataTurboTracker(26308):  
09-25 23:10:08.989 D/MzMobileDataTurboTracker(26308): uid = 10216 state = pause
09-25 23:10:08.989 D/MzMobileDataTurboTracker(26308): packageName = com.github.android mClassName = com.github.android.auth.SimplifiedLoginActivity
09-25 23:10:08.989 D/MzMobileDataTurboTracker(26308): mWindowingMode = 1
09-25 23:10:08.989 D/MzMobileDataTurboTracker(26308): removeActivityFromUIDInfo: uid = 10216
09-25 23:10:08.989 D/MzMobileDataTurboTracker(26308): Activity =  mPackageName:com.github.android mState:pause mClassName:com.github.android.auth.SimplifiedLoginActivity mTaskId:18983 mPid:24966 mUID:10216 mWindowingMode:1
09-25 23:10:08.989 D/MzMobileDataTurboTracker(26308): activity: com.github.android:com.github.android.auth.SimplifiedLoginActivity remove success
09-25 23:10:08.989 D/MzMobileDataTurboTracker(26308): info =  mUID = 10216 mOnResumeActivityMap = {} mOnResumeActivityCount = 0
09-25 23:10:08.986 W/Thread-10(31618): type=1400 audit(0.0:2273692): avc:  denied  { read } for  name="tcp" dev="proc" ino=4026532037 scontext=u:r:untrusted_app_30:s0:c22,c257,c512,c768 tcontext=u:object_r:proc_net_tcp_udp:s0 tclass=file permissive=0 app=com.midea.ai.appliances
09-25 23:10:08.990 D/AppLocker( 3025): isPopupUnlockingActivity::begin: com.github.android/net.openid.appauth.AuthorizationManagementActivity/Intent { flg=0x10000000 xflg=0x4 cmp=com.github.android/net.openid.appauth.AuthorizationManagementActivity (has extras) }
09-25 23:10:08.990 D/AppLocker( 3025): isPopupUnlockingActivity::end: ,/false/false
09-25 23:10:08.990 D/AppLocker( 3025): isPopupUnlockingActivity::begin: com.github.android/com.github.android.auth.SimplifiedLoginActivity/Intent { flg=0x10000000 xflg=0x4 cmp=com.github.android/.auth.SimplifiedLoginActivity (has extras) }
09-25 23:10:08.990 D/AppLocker( 3025): isPopupUnlockingActivity::end: ,/false/false
09-25 23:10:08.990 I/ActivityTaskManager( 3025): The Process com.github.android Already Exists in BG. So sending its PID: 24966
09-25 23:10:08.991 D/AppEventMonitor( 8006): state: pause, windowingMode: 1, displayId: 0, packageName: com.github.android, className: com.github.android.auth.SimplifiedLoginActivity
09-25 23:10:08.991 E/ANDR-PERF-LM( 1606): MetaMeter: handleAsync() 166: AdaptLaunch Invalid Async

============================================================

--- Trigger point at line 14511 ---
09-25 23:10:08.989 D/MzMobileDataTurboTracker(26308): uid = 10216 state = pause
09-25 23:10:08.989 D/MzMobileDataTurboTracker(26308): packageName = com.github.android mClassName = com.github.android.auth.SimplifiedLoginActivity
09-25 23:10:08.989 D/MzMobileDataTurboTracker(26308): mWindowingMode = 1
09-25 23:10:08.989 D/MzMobileDataTurboTracker(26308): removeActivityFromUIDInfo: uid = 10216
09-25 23:10:08.989 D/MzMobileDataTurboTracker(26308): Activity =  mPackageName:com.github.android mState:pause mClassName:com.github.android.auth.SimplifiedLoginActivity mTaskId:18983 mPid:24966 mUID:10216 mWindowingMode:1
09-25 23:10:08.989 D/MzMobileDataTurboTracker(26308): activity: com.github.android:com.github.android.auth.SimplifiedLoginActivity remove success
09-25 23:10:08.989 D/MzMobileDataTurboTracker(26308): info =  mUID = 10216 mOnResumeActivityMap = {} mOnResumeActivityCount = 0
09-25 23:10:08.986 W/Thread-10(31618): type=1400 audit(0.0:2273692): avc:  denied  { read } for  name="tcp" dev="proc" ino=4026532037 scontext=u:r:untrusted_app_30:s0:c22,c257,c512,c768 tcontext=u:object_r:proc_net_tcp_udp:s0 tclass=file permissive=0 app=com.midea.ai.appliances
09-25 23:10:08.990 D/AppLocker( 3025): isPopupUnlockingActivity::begin: com.github.android/net.openid.appauth.AuthorizationManagementActivity/Intent { flg=0x10000000 xflg=0x4 cmp=com.github.android/net.openid.appauth.AuthorizationManagementActivity (has extras) }
09-25 23:10:08.990 D/AppLocker( 3025): isPopupUnlockingActivity::end: ,/false/false
09-25 23:10:08.990 D/AppLocker( 3025): isPopupUnlockingActivity::begin: com.github.android/com.github.android.auth.SimplifiedLoginActivity/Intent { flg=0x10000000 xflg=0x4 cmp=com.github.android/.auth.SimplifiedLoginActivity (has extras) }
09-25 23:10:08.990 D/AppLocker( 3025): isPopupUnlockingActivity::end: ,/false/false
09-25 23:10:08.990 I/ActivityTaskManager( 3025): The Process com.github.android Already Exists in BG. So sending its PID: 24966
09-25 23:10:08.991 D/AppEventMonitor( 8006): state: pause, windowingMode: 1, displayId: 0, packageName: com.github.android, className: com.github.android.auth.SimplifiedLoginActivity
09-25 23:10:08.991 E/ANDR-PERF-LM( 1606): MetaMeter: handleAsync() 166: AdaptLaunch Invalid Async
09-25 23:10:08.991 D/MzMobileDataTurboTracker(26308): handleMessage: msg={ when=-2ms what=1002 obj=10216 target=com.meizu.phone.MzMobileDataTurboTracker }
09-25 23:10:08.991 D/lowmemorykiller(  886): critical pressure event polling check
09-25 23:10:08.991 D/MzMobileDataTurboTracker(26308): uid: 10216 resumedCount = 0
09-25 23:10:08.990 D/WindowModeClient( 7968): handleQuickPayWindowState: com.github.android com.github.android.auth.SimplifiedLoginActivity pause 1
09-25 23:10:08.991 D/WindowModeClient( 7968): onActivityStateChange: com.github.android com.github.android.auth.SimplifiedLoginActivity Bundle[{taskId=18983, userId=0, className=com.github.android.auth.SimplifiedLoginActivity, pid=24966, uid=10216, state=pause, displayId=0, packageName=com.github.android, windowingMode=1}]

============================================================

--- Trigger point at line 14514 ---
09-25 23:10:08.989 D/MzMobileDataTurboTracker(26308): removeActivityFromUIDInfo: uid = 10216
09-25 23:10:08.989 D/MzMobileDataTurboTracker(26308): Activity =  mPackageName:com.github.android mState:pause mClassName:com.github.android.auth.SimplifiedLoginActivity mTaskId:18983 mPid:24966 mUID:10216 mWindowingMode:1
09-25 23:10:08.989 D/MzMobileDataTurboTracker(26308): activity: com.github.android:com.github.android.auth.SimplifiedLoginActivity remove success
09-25 23:10:08.989 D/MzMobileDataTurboTracker(26308): info =  mUID = 10216 mOnResumeActivityMap = {} mOnResumeActivityCount = 0
09-25 23:10:08.986 W/Thread-10(31618): type=1400 audit(0.0:2273692): avc:  denied  { read } for  name="tcp" dev="proc" ino=4026532037 scontext=u:r:untrusted_app_30:s0:c22,c257,c512,c768 tcontext=u:object_r:proc_net_tcp_udp:s0 tclass=file permissive=0 app=com.midea.ai.appliances
09-25 23:10:08.990 D/AppLocker( 3025): isPopupUnlockingActivity::begin: com.github.android/net.openid.appauth.AuthorizationManagementActivity/Intent { flg=0x10000000 xflg=0x4 cmp=com.github.android/net.openid.appauth.AuthorizationManagementActivity (has extras) }
09-25 23:10:08.990 D/AppLocker( 3025): isPopupUnlockingActivity::end: ,/false/false
09-25 23:10:08.990 D/AppLocker( 3025): isPopupUnlockingActivity::begin: com.github.android/com.github.android.auth.SimplifiedLoginActivity/Intent { flg=0x10000000 xflg=0x4 cmp=com.github.android/.auth.SimplifiedLoginActivity (has extras) }
09-25 23:10:08.990 D/AppLocker( 3025): isPopupUnlockingActivity::end: ,/false/false
09-25 23:10:08.990 I/ActivityTaskManager( 3025): The Process com.github.android Already Exists in BG. So sending its PID: 24966
09-25 23:10:08.991 D/AppEventMonitor( 8006): state: pause, windowingMode: 1, displayId: 0, packageName: com.github.android, className: com.github.android.auth.SimplifiedLoginActivity
09-25 23:10:08.991 E/ANDR-PERF-LM( 1606): MetaMeter: handleAsync() 166: AdaptLaunch Invalid Async
09-25 23:10:08.991 D/MzMobileDataTurboTracker(26308): handleMessage: msg={ when=-2ms what=1002 obj=10216 target=com.meizu.phone.MzMobileDataTurboTracker }
09-25 23:10:08.991 D/lowmemorykiller(  886): critical pressure event polling check
09-25 23:10:08.991 D/MzMobileDataTurboTracker(26308): uid: 10216 resumedCount = 0
09-25 23:10:08.990 D/WindowModeClient( 7968): handleQuickPayWindowState: com.github.android com.github.android.auth.SimplifiedLoginActivity pause 1
09-25 23:10:08.991 D/WindowModeClient( 7968): onActivityStateChange: com.github.android com.github.android.auth.SimplifiedLoginActivity Bundle[{taskId=18983, userId=0, className=com.github.android.auth.SimplifiedLoginActivity, pid=24966, uid=10216, state=pause, displayId=0, packageName=com.github.android, windowingMode=1}]
09-25 23:10:08.991 D/lowmemorykiller(  886): Ignoring critical pressure event; system is not in reclaim or compaction and no refaults
09-25 23:10:08.991 D/AppLocker( 3025): isPopupUnlockingActivity::begin: com.github.android/net.openid.appauth.AuthorizationManagementActivity/Intent { flg=0x10000000 xflg=0x4 cmp=com.github.android/net.openid.appauth.AuthorizationManagementActivity (has extras) }
09-25 23:10:08.991 D/AppLocker( 3025): isPopupUnlockingActivity::end: ,/false/false

============================================================

--- Trigger point at line 14519 ---
09-25 23:10:08.990 D/AppLocker( 3025): isPopupUnlockingActivity::begin: com.github.android/net.openid.appauth.AuthorizationManagementActivity/Intent { flg=0x10000000 xflg=0x4 cmp=com.github.android/net.openid.appauth.AuthorizationManagementActivity (has extras) }
09-25 23:10:08.990 D/AppLocker( 3025): isPopupUnlockingActivity::end: ,/false/false
09-25 23:10:08.990 D/AppLocker( 3025): isPopupUnlockingActivity::begin: com.github.android/com.github.android.auth.SimplifiedLoginActivity/Intent { flg=0x10000000 xflg=0x4 cmp=com.github.android/.auth.SimplifiedLoginActivity (has extras) }
09-25 23:10:08.990 D/AppLocker( 3025): isPopupUnlockingActivity::end: ,/false/false
09-25 23:10:08.990 I/ActivityTaskManager( 3025): The Process com.github.android Already Exists in BG. So sending its PID: 24966
09-25 23:10:08.991 D/AppEventMonitor( 8006): state: pause, windowingMode: 1, displayId: 0, packageName: com.github.android, className: com.github.android.auth.SimplifiedLoginActivity
09-25 23:10:08.991 E/ANDR-PERF-LM( 1606): MetaMeter: handleAsync() 166: AdaptLaunch Invalid Async
09-25 23:10:08.991 D/MzMobileDataTurboTracker(26308): handleMessage: msg={ when=-2ms what=1002 obj=10216 target=com.meizu.phone.MzMobileDataTurboTracker }
09-25 23:10:08.991 D/lowmemorykiller(  886): critical pressure event polling check
09-25 23:10:08.991 D/MzMobileDataTurboTracker(26308): uid: 10216 resumedCount = 0
09-25 23:10:08.990 D/WindowModeClient( 7968): handleQuickPayWindowState: com.github.android com.github.android.auth.SimplifiedLoginActivity pause 1
09-25 23:10:08.991 D/WindowModeClient( 7968): onActivityStateChange: com.github.android com.github.android.auth.SimplifiedLoginActivity Bundle[{taskId=18983, userId=0, className=com.github.android.auth.SimplifiedLoginActivity, pid=24966, uid=10216, state=pause, displayId=0, packageName=com.github.android, windowingMode=1}]
09-25 23:10:08.991 D/lowmemorykiller(  886): Ignoring critical pressure event; system is not in reclaim or compaction and no refaults
09-25 23:10:08.991 D/AppLocker( 3025): isPopupUnlockingActivity::begin: com.github.android/net.openid.appauth.AuthorizationManagementActivity/Intent { flg=0x10000000 xflg=0x4 cmp=com.github.android/net.openid.appauth.AuthorizationManagementActivity (has extras) }
09-25 23:10:08.991 D/AppLocker( 3025): isPopupUnlockingActivity::end: ,/false/false
09-25 23:10:08.991 D/AppLocker( 3025): isPopupUnlockingActivity::begin: com.github.android/com.github.android.auth.SimplifiedLoginActivity/Intent { flg=0x10000000 xflg=0x4 cmp=com.github.android/.auth.SimplifiedLoginActivity (has extras) }
09-25 23:10:08.991 D/AppLocker( 3025): isPopupUnlockingActivity::end: ,/false/false
09-25 23:10:08.991 D/GM.MzGameModeController( 8006): *************************************8
09-25 23:10:08.992 D/BackgroundInstallControlService( 3025): Package event received: 0
09-25 23:10:08.992 D/GM.MzGameModeController( 8006): *************************************8

============================================================

--- Trigger point at line 14520 ---
09-25 23:10:08.990 D/AppLocker( 3025): isPopupUnlockingActivity::end: ,/false/false
09-25 23:10:08.990 D/AppLocker( 3025): isPopupUnlockingActivity::begin: com.github.android/com.github.android.auth.SimplifiedLoginActivity/Intent { flg=0x10000000 xflg=0x4 cmp=com.github.android/.auth.SimplifiedLoginActivity (has extras) }
09-25 23:10:08.990 D/AppLocker( 3025): isPopupUnlockingActivity::end: ,/false/false
09-25 23:10:08.990 I/ActivityTaskManager( 3025): The Process com.github.android Already Exists in BG. So sending its PID: 24966
09-25 23:10:08.991 D/AppEventMonitor( 8006): state: pause, windowingMode: 1, displayId: 0, packageName: com.github.android, className: com.github.android.auth.SimplifiedLoginActivity
09-25 23:10:08.991 E/ANDR-PERF-LM( 1606): MetaMeter: handleAsync() 166: AdaptLaunch Invalid Async
09-25 23:10:08.991 D/MzMobileDataTurboTracker(26308): handleMessage: msg={ when=-2ms what=1002 obj=10216 target=com.meizu.phone.MzMobileDataTurboTracker }
09-25 23:10:08.991 D/lowmemorykiller(  886): critical pressure event polling check
09-25 23:10:08.991 D/MzMobileDataTurboTracker(26308): uid: 10216 resumedCount = 0
09-25 23:10:08.990 D/WindowModeClient( 7968): handleQuickPayWindowState: com.github.android com.github.android.auth.SimplifiedLoginActivity pause 1
09-25 23:10:08.991 D/WindowModeClient( 7968): onActivityStateChange: com.github.android com.github.android.auth.SimplifiedLoginActivity Bundle[{taskId=18983, userId=0, className=com.github.android.auth.SimplifiedLoginActivity, pid=24966, uid=10216, state=pause, displayId=0, packageName=com.github.android, windowingMode=1}]
09-25 23:10:08.991 D/lowmemorykiller(  886): Ignoring critical pressure event; system is not in reclaim or compaction and no refaults
09-25 23:10:08.991 D/AppLocker( 3025): isPopupUnlockingActivity::begin: com.github.android/net.openid.appauth.AuthorizationManagementActivity/Intent { flg=0x10000000 xflg=0x4 cmp=com.github.android/net.openid.appauth.AuthorizationManagementActivity (has extras) }
09-25 23:10:08.991 D/AppLocker( 3025): isPopupUnlockingActivity::end: ,/false/false
09-25 23:10:08.991 D/AppLocker( 3025): isPopupUnlockingActivity::begin: com.github.android/com.github.android.auth.SimplifiedLoginActivity/Intent { flg=0x10000000 xflg=0x4 cmp=com.github.android/.auth.SimplifiedLoginActivity (has extras) }
09-25 23:10:08.991 D/AppLocker( 3025): isPopupUnlockingActivity::end: ,/false/false
09-25 23:10:08.991 D/GM.MzGameModeController( 8006): *************************************8
09-25 23:10:08.992 D/BackgroundInstallControlService( 3025): Package event received: 0
09-25 23:10:08.992 D/GM.MzGameModeController( 8006): *************************************8
09-25 23:10:08.992 D/GM.MzGameModeController( 8006): *************************************8

============================================================

--- Trigger point at line 14524 ---
09-25 23:10:08.991 D/AppEventMonitor( 8006): state: pause, windowingMode: 1, displayId: 0, packageName: com.github.android, className: com.github.android.auth.SimplifiedLoginActivity
09-25 23:10:08.991 E/ANDR-PERF-LM( 1606): MetaMeter: handleAsync() 166: AdaptLaunch Invalid Async
09-25 23:10:08.991 D/MzMobileDataTurboTracker(26308): handleMessage: msg={ when=-2ms what=1002 obj=10216 target=com.meizu.phone.MzMobileDataTurboTracker }
09-25 23:10:08.991 D/lowmemorykiller(  886): critical pressure event polling check
09-25 23:10:08.991 D/MzMobileDataTurboTracker(26308): uid: 10216 resumedCount = 0
09-25 23:10:08.990 D/WindowModeClient( 7968): handleQuickPayWindowState: com.github.android com.github.android.auth.SimplifiedLoginActivity pause 1
09-25 23:10:08.991 D/WindowModeClient( 7968): onActivityStateChange: com.github.android com.github.android.auth.SimplifiedLoginActivity Bundle[{taskId=18983, userId=0, className=com.github.android.auth.SimplifiedLoginActivity, pid=24966, uid=10216, state=pause, displayId=0, packageName=com.github.android, windowingMode=1}]
09-25 23:10:08.991 D/lowmemorykiller(  886): Ignoring critical pressure event; system is not in reclaim or compaction and no refaults
09-25 23:10:08.991 D/AppLocker( 3025): isPopupUnlockingActivity::begin: com.github.android/net.openid.appauth.AuthorizationManagementActivity/Intent { flg=0x10000000 xflg=0x4 cmp=com.github.android/net.openid.appauth.AuthorizationManagementActivity (has extras) }
09-25 23:10:08.991 D/AppLocker( 3025): isPopupUnlockingActivity::end: ,/false/false
09-25 23:10:08.991 D/AppLocker( 3025): isPopupUnlockingActivity::begin: com.github.android/com.github.android.auth.SimplifiedLoginActivity/Intent { flg=0x10000000 xflg=0x4 cmp=com.github.android/.auth.SimplifiedLoginActivity (has extras) }
09-25 23:10:08.991 D/AppLocker( 3025): isPopupUnlockingActivity::end: ,/false/false
09-25 23:10:08.991 D/GM.MzGameModeController( 8006): *************************************8
09-25 23:10:08.992 D/BackgroundInstallControlService( 3025): Package event received: 0
09-25 23:10:08.992 D/GM.MzGameModeController( 8006): *************************************8
09-25 23:10:08.992 D/GM.MzGameModeController( 8006): *************************************8
09-25 23:10:08.992 D/GM.MzGameModeController( 8006): *************************************8
09-25 23:10:08.992 D/GM.MzGameModeController( 8006): *************************************8
09-25 23:10:08.992 D/EngineManager(17695): onReceiver:APP_EVENT
09-25 23:10:08.992 D/EngineManager(17695): notifyAppEventListener appInfo [Ljava.lang.String;@6850935

============================================================

--- Trigger point at line 14584 ---
09-25 23:10:08.996 D/GM.MzGameModeController( 8006): *************************************8
09-25 23:10:08.996 D/WindowModeClient( 7968): onActivityStateChange: com.github.android net.openid.appauth.AuthorizationManagementActivity Bundle[{taskId=18983, userId=0, className=net.openid.appauth.AuthorizationManagementActivity, pid=24966, uid=10216, state=resume, displayId=0, packageName=com.github.android, windowingMode=1}]
09-25 23:10:08.996 D/pickerApp - ContentHandleService(22724): onAppEvent result[2]: net.openid.appauth.AuthorizationManagementActivity
09-25 23:10:08.997 D/EngineManager(17695): onReceiver:APP_EVENT
09-25 23:10:08.997 D/EngineManager(17695): notifyAppEventListener appInfo [Ljava.lang.String;@37141ca
09-25 23:10:08.997 I/AppUsage( 8006): set running time usage,full_screen_window com.github.android start time 2026/09/25 23:10:08
09-25 23:10:08.998 I/DefaultDailyUsageRepository( 8006): com.github.android 2026/09/25 23:10:08 start running  2026/09/25 23:10:08
09-25 23:10:08.998 V/NetworkPolicy( 3025): 10216 state changed to TOP ,seq=4398099,cap=LCMNFUAT
09-25 23:10:08.999 D/AppLocker( 3025): isPopupUnlockingActivity::begin: com.github.android/net.openid.appauth.AuthorizationManagementActivity/Intent { flg=0x10000000 xflg=0x4 cmp=com.github.android/net.openid.appauth.AuthorizationManagementActivity (has extras) }
09-25 23:10:08.999 D/AppLocker( 3025): isPopupUnlockingActivity::end: ,/false/false
09-25 23:10:08.999 D/AppLocker( 3025): isPopupUnlockingActivity::begin: com.github.android/com.github.android.auth.SimplifiedLoginActivity/Intent { flg=0x10000000 xflg=0x4 cmp=com.github.android/.auth.SimplifiedLoginActivity (has extras) }
09-25 23:10:08.999 D/AppLocker( 3025): isPopupUnlockingActivity::end: ,/false/false
09-25 23:10:09.001 E/ANDR-PERF-RESOURCEQS( 1606): ANDR-PERF-RESOURCEQS: AddAndApply() 167: Failed to apply optimization [2, 0]
09-25 23:10:09.001 E/ANDR-PERF-RESOURCEQS( 1606): ANDR-PERF-RESOURCEQS: AddAndApply() 167: Failed to apply optimization [2, 1]
09-25 23:10:09.001 E/ANDR-PERF-RESOURCEQS( 1606): ANDR-PERF-RESOURCEQS: AddAndApply() 167: Failed to apply optimization [2, 0]
09-25 23:10:09.001 E/ANDR-PERF-RESOURCEQS( 1606): ANDR-PERF-RESOURCEQS: AddAndApply() 167: Failed to apply optimization [2, 1]
09-25 23:10:09.001 E/ANDR-PERF-RESOURCEQS( 1606): ANDR-PERF-RESOURCEQS: AddAndApply() 167: Failed to apply optimization [2, 0]
09-25 23:10:09.001 E/ANDR-PERF-RESOURCEQS( 1606): ANDR-PERF-RESOURCEQS: AddAndApply() 167: Failed to apply optimization [2, 1]
09-25 23:10:09.001 D/lowmemorykiller(  886): critical pressure event polling check
09-25 23:10:09.002 D/lowmemorykiller(  886): Ignoring critical pressure event; system is not in reclaim or compaction and no refaults

============================================================

--- Trigger point at line 14599 ---
09-25 23:10:09.001 E/ANDR-PERF-RESOURCEQS( 1606): ANDR-PERF-RESOURCEQS: AddAndApply() 167: Failed to apply optimization [2, 1]
09-25 23:10:09.001 E/ANDR-PERF-RESOURCEQS( 1606): ANDR-PERF-RESOURCEQS: AddAndApply() 167: Failed to apply optimization [2, 0]
09-25 23:10:09.001 E/ANDR-PERF-RESOURCEQS( 1606): ANDR-PERF-RESOURCEQS: AddAndApply() 167: Failed to apply optimization [2, 1]
09-25 23:10:09.001 D/lowmemorykiller(  886): critical pressure event polling check
09-25 23:10:09.002 D/lowmemorykiller(  886): Ignoring critical pressure event; system is not in reclaim or compaction and no refaults
09-25 23:10:09.009 W/Thanox-Core( 3025): reportOnActivityResumed: Intent { cmp=com.github.android/net.openid.appauth.AuthorizationManagementActivity }, user: 0
09-25 23:10:09.010 W/Thanox-Core( 3025): onActivityResumedInternal: Intent { cmp=com.github.android/net.openid.appauth.AuthorizationManagementActivity }
09-25 23:10:09.011 D/BackgroundInstallControlService( 3025): Package event received: 0
09-25 23:10:09.011 D/BackgroundInstallControlService( 3025): Package event received: 0
09-25 23:10:09.012 W/Thanox-Core( 3025): AppLaunchStateManager, aboutToLaunch: Pkg{pkgName='com.microsoft.emmx', userId=0}
09-25 23:10:09.012 W/[Profile]( 3025): publishFactsInternal, reason: frontActivityChanged: ComponentInfo{com.github.android/com.github.android.auth.SimplifiedLoginActivity} --> ComponentInfo{com.github.android/net.openid.appauth.AuthorizationManagementActivity}
09-25 23:10:09.012 W/Thanox-Core( 3025): mayEnableAppOnStartActivityIntent activityPackages: [com.microsoft.emmx]
09-25 23:10:09.012 W/Thanox-Core( 3025): mayEnableAppOnStartActivityIntent pkg: Pkg{pkgName='com.microsoft.emmx', userId=0}
09-25 23:10:09.013 D/IntentFirewall( 3025): CHECK INTENT - ComponentName[com.microsoft.emmx/com.google.android.apps.chrome.IntentDispatcher], intentType[activity], intent[android.intent.action.VIEW], caller/callee[10216, 10230], callerPackage/calleePackage[com.github.android, com.microsoft.emmx]
09-25 23:10:09.013 D/IntentFirewall( 3025): [SKIP] ifw is not enabled
09-25 23:10:09.013 W/Thanox-Core( 3025): ActivityStartInterceptor. intercept
09-25 23:10:09.013 W/Thanox-Core( 3025): ActivityStartInterceptor, callingUid: 0
09-25 23:10:09.013 W/Thanox-Core( 3025): ActivityStartInterceptor activityInfoActivityInfo{354d5f8 com.google.android.apps.chrome.IntentDispatcher}
09-25 23:10:09.013 W/Thanox-Core( 3025): ActivityStartInterceptor, callingPackage: com.github.android
09-25 23:10:09.013 W/Thanox-Core( 3025): ActivityStartInterceptor, userId: 0

============================================================

--- Trigger point at line 14670 ---
09-25 23:10:09.039 E/ANDR-PERF-UTIL( 1606): ANDR-PERF-UTIL: change_node_val() 319: Failed to update node /sys/devices/system/cpu/bus_dcvs/LLCC/240b6400.qcom,bwmon-llcc/min_freq with value 300000
09-25 23:10:09.039 E/ANDR-PERF-RESOURCEQS( 1606): ANDR-PERF-RESOURCEQS: RemoveAndApply() 292: Failed to reset optimization here [6, 17]
09-25 23:10:09.039 E/ANDR-PERF-RESOURCEQS( 1606): ANDR-PERF-RESOURCEQS: RemoveAndApply() 292: Failed to reset optimization here [2, 0]
09-25 23:10:09.039 E/ANDR-PERF-RESOURCEQS( 1606): ANDR-PERF-RESOURCEQS: RemoveAndApply() 292: Failed to reset optimization here [2, 0]
09-25 23:10:09.039 E/ANDR-PERF-RESOURCEQS( 1606): ANDR-PERF-RESOURCEQS: RemoveAndApply() 292: Failed to reset optimization here [2, 0]
09-25 23:10:09.039 E/ANDR-PERF-RESOURCEQS( 1606): ANDR-PERF-RESOURCEQS: RemoveAndApply() 292: Failed to reset optimization here [2, 1]
09-25 23:10:09.039 E/ANDR-PERF-RESOURCEQS( 1606): ANDR-PERF-RESOURCEQS: RemoveAndApply() 292: Failed to reset optimization here [2, 1]
09-25 23:10:09.039 E/ANDR-PERF-RESOURCEQS( 1606): ANDR-PERF-RESOURCEQS: RemoveAndApply() 292: Failed to reset optimization here [2, 1]
09-25 23:10:09.041 D/AppLocker( 3025): isPopupUnlockingActivity::begin: com.microsoft.emmx/com.google.android.apps.chrome.IntentDispatcher/Intent { act=android.intent.action.VIEW dat=https://github.com/... flg=0x800000 xflg=0x4 pkg=com.microsoft.emmx cmp=com.microsoft.emmx/com.google.android.apps.chrome.IntentDispatcher (has extras) }
09-25 23:10:09.041 D/AppLocker( 3025): isPopupUnlockingActivity::end: ,/false/false
09-25 23:10:09.041 D/AppLocker( 3025): isPopupUnlockingActivity::begin: com.github.android/com.github.android.auth.SimplifiedLoginActivity/Intent { flg=0x10000000 xflg=0x4 cmp=com.github.android/.auth.SimplifiedLoginActivity (has extras) }
09-25 23:10:09.041 D/AppLocker( 3025): isPopupUnlockingActivity::end: ,/false/false
09-25 23:10:09.041 I/ActivityTaskManager( 3025): The Process com.microsoft.emmx Already Exists in BG. So sending its PID: 14009
09-25 23:10:09.042 D/AppLocker( 3025): isPopupUnlockingActivity::begin: com.microsoft.emmx/com.google.android.apps.chrome.IntentDispatcher/Intent { act=android.intent.action.VIEW dat=https://github.com/... flg=0x800000 xflg=0x4 pkg=com.microsoft.emmx cmp=com.microsoft.emmx/com.google.android.apps.chrome.IntentDispatcher (has extras) }
09-25 23:10:09.042 D/AppLocker( 3025): isPopupUnlockingActivity::end: ,/false/false
09-25 23:10:09.042 D/AppLocker( 3025): isPopupUnlockingActivity::begin: com.github.android/com.github.android.auth.SimplifiedLoginActivity/Intent { flg=0x10000000 xflg=0x4 cmp=com.github.android/.auth.SimplifiedLoginActivity (has extras) }
09-25 23:10:09.042 D/AppLocker( 3025): isPopupUnlockingActivity::end: ,/false/false
09-25 23:10:09.042 D/AppEventMonitor( 8006): state: pause, windowingMode: 1, displayId: 0, packageName: com.github.android, className: net.openid.appauth.AuthorizationManagementActivity
09-25 23:10:09.043 D/MzMobileDataTurboTracker(26308):  
09-25 23:10:09.043 D/MzMobileDataTurboTracker(26308):  

============================================================

--- Trigger point at line 14675 ---
09-25 23:10:09.039 E/ANDR-PERF-RESOURCEQS( 1606): ANDR-PERF-RESOURCEQS: RemoveAndApply() 292: Failed to reset optimization here [2, 1]
09-25 23:10:09.039 E/ANDR-PERF-RESOURCEQS( 1606): ANDR-PERF-RESOURCEQS: RemoveAndApply() 292: Failed to reset optimization here [2, 1]
09-25 23:10:09.039 E/ANDR-PERF-RESOURCEQS( 1606): ANDR-PERF-RESOURCEQS: RemoveAndApply() 292: Failed to reset optimization here [2, 1]
09-25 23:10:09.041 D/AppLocker( 3025): isPopupUnlockingActivity::begin: com.microsoft.emmx/com.google.android.apps.chrome.IntentDispatcher/Intent { act=android.intent.action.VIEW dat=https://github.com/... flg=0x800000 xflg=0x4 pkg=com.microsoft.emmx cmp=com.microsoft.emmx/com.google.android.apps.chrome.IntentDispatcher (has extras) }
09-25 23:10:09.041 D/AppLocker( 3025): isPopupUnlockingActivity::end: ,/false/false
09-25 23:10:09.041 D/AppLocker( 3025): isPopupUnlockingActivity::begin: com.github.android/com.github.android.auth.SimplifiedLoginActivity/Intent { flg=0x10000000 xflg=0x4 cmp=com.github.android/.auth.SimplifiedLoginActivity (has extras) }
09-25 23:10:09.041 D/AppLocker( 3025): isPopupUnlockingActivity::end: ,/false/false
09-25 23:10:09.041 I/ActivityTaskManager( 3025): The Process com.microsoft.emmx Already Exists in BG. So sending its PID: 14009
09-25 23:10:09.042 D/AppLocker( 3025): isPopupUnlockingActivity::begin: com.microsoft.emmx/com.google.android.apps.chrome.IntentDispatcher/Intent { act=android.intent.action.VIEW dat=https://github.com/... flg=0x800000 xflg=0x4 pkg=com.microsoft.emmx cmp=com.microsoft.emmx/com.google.android.apps.chrome.IntentDispatcher (has extras) }
09-25 23:10:09.042 D/AppLocker( 3025): isPopupUnlockingActivity::end: ,/false/false
09-25 23:10:09.042 D/AppLocker( 3025): isPopupUnlockingActivity::begin: com.github.android/com.github.android.auth.SimplifiedLoginActivity/Intent { flg=0x10000000 xflg=0x4 cmp=com.github.android/.auth.SimplifiedLoginActivity (has extras) }
09-25 23:10:09.042 D/AppLocker( 3025): isPopupUnlockingActivity::end: ,/false/false
09-25 23:10:09.042 D/AppEventMonitor( 8006): state: pause, windowingMode: 1, displayId: 0, packageName: com.github.android, className: net.openid.appauth.AuthorizationManagementActivity
09-25 23:10:09.043 D/MzMobileDataTurboTracker(26308):  
09-25 23:10:09.043 D/MzMobileDataTurboTracker(26308):  
09-25 23:10:09.043 D/MzMobileDataTurboTracker(26308): uid = 10216 state = pause
09-25 23:10:09.043 D/MzMobileDataTurboTracker(26308): packageName = com.github.android mClassName = net.openid.appauth.AuthorizationManagementActivity
09-25 23:10:09.043 D/MzMobileDataTurboTracker(26308): mWindowingMode = 1
09-25 23:10:09.043 D/MzMobileDataTurboTracker(26308): removeActivityFromUIDInfo: uid = 10216
09-25 23:10:09.043 D/MzMobileDataTurboTracker(26308): Activity =  mPackageName:com.github.android mState:pause mClassName:net.openid.appauth.AuthorizationManagementActivity mTaskId:18983 mPid:24966 mUID:10216 mWindowingMode:1

============================================================

--- Trigger point at line 14767 ---
09-25 23:10:09.057 V/NetworkPolicy( 3025): Firewall rule changed: 10230-metered_deny_admin-default
09-25 23:10:09.058 V/NetworkPolicy( 3025): Firewall rule changed: 20230-metered_deny_admin-default
09-25 23:10:09.058 V/NetworkPolicy( 3025): Firewall rule changed: 10230-metered_deny_user-default
09-25 23:10:09.058 V/NetworkPolicy( 3025): Firewall rule changed: 20230-metered_deny_user-default
09-25 23:10:09.058 V/NetworkPolicy( 3025): Firewall rule changed: 10230-metered_allow-allow
09-25 23:10:09.058 V/NetworkPolicy( 3025): Firewall rule changed: 20230-metered_allow-allow
09-25 23:10:09.058 V/NetworkPolicy( 3025): Firewall rule changed: 10230-standby-default
09-25 23:10:09.058 D/AppLocker( 3025): isPopupUnlockingActivity::begin: com.microsoft.emmx/com.google.android.apps.chrome.IntentDispatcher/Intent { act=android.intent.action.VIEW dat=https://github.com/... flg=0x800000 xflg=0x4 pkg=com.microsoft.emmx cmp=com.microsoft.emmx/com.google.android.apps.chrome.IntentDispatcher (has extras) }
09-25 23:10:09.058 D/AppLocker( 3025): isPopupUnlockingActivity::end: ,/false/false
09-25 23:10:09.058 V/NetworkPolicy( 3025): Firewall rule changed: 20230-standby-default
09-25 23:10:09.058 D/AppLocker( 3025): isPopupUnlockingActivity::begin: com.github.android/com.github.android.auth.SimplifiedLoginActivity/Intent { flg=0x10000000 xflg=0x4 cmp=com.github.android/.auth.SimplifiedLoginActivity (has extras) }
09-25 23:10:09.058 D/NetworkPolicy( 3025): updateRuleForAppIdleUL 10230 to DEFAULT
09-25 23:10:09.059 D/AppLocker( 3025): isPopupUnlockingActivity::end: ,/false/false
09-25 23:10:09.059 D/ConnectivityService( 3025): sending notification CALLBACK_BLK_CHANGED for NetworkRequest [ TRACK_DEFAULT id=19350, [ Capabilities: INTERNET&NOT_RESTRICTED&TRUSTED&NOT_VCN_MANAGED&NOT_BANDWIDTH_CONSTRAINED Uid: 10230 RequestorUid: 1000 RequestorPkg: android UnderlyingNetworks: Null] ]
09-25 23:10:09.059 V/NetworkPolicy( 3025): Firewall rule changed: 10230-background-allow
09-25 23:10:09.059 V/NetworkPolicy( 3025): Firewall rule changed: 20230-background-allow
09-25 23:10:09.059 D/NetworkPolicy( 3025): updateRuleForBackgroundUL ALLOW 10230
09-25 23:10:09.059 D/ConnectivityService( 3025): sending notification CALLBACK_BLK_CHANGED for NetworkRequest [ TRACK_DEFAULT id=19350, [ Capabilities: INTERNET&NOT_RESTRICTED&TRUSTED&NOT_VCN_MANAGED&NOT_BANDWIDTH_CONSTRAINED Uid: 10230 RequestorUid: 1000 RequestorPkg: android UnderlyingNetworks: Null] ]
09-25 23:10:09.059 V/NetworkPolicy( 3025): updateEffectiveBlockedReasons(): blockedReasons=1000000, effectiveReasons=0
09-25 23:10:09.059 V/NetworkPolicy( 3025): updateRulesForPowerRestrictionsUL(10230), isIdle: false, mRestrictPower: false, mDeviceIdleMode: false, isForeground=true, isTop=true, isWhitelisted=false, isNwSocketWhitelist=false, oldUidBlockedState={blocked=APP_BACKGROUND,allowed=METERED_FOREGROUND,effective=APP_BACKGROUND}, newUidBlockedState={blocked=APP_BACKGROUND,allowed=FOREGROUND|TOP|NOT_IN_BACKGROUND|METERED_FOREGROUND,effective=NONE}

============================================================

--- Trigger point at line 15384 ---
09-25 23:10:09.706 D/MzMobileDataTurboTracker(26308): removeActivityFromUIDInfo: uid = 10230
09-25 23:10:09.706 D/MzMobileDataTurboTracker(26308): Activity =  mPackageName:com.microsoft.emmx mState:pause mClassName:org.chromium.chrome.browser.document.ChromeLauncherActivity mTaskId:18983 mPid:14009 mUID:10230 mWindowingMode:1
09-25 23:10:09.706 D/MzMobileDataTurboTracker(26308): activity: com.microsoft.emmx:org.chromium.chrome.browser.document.ChromeLauncherActivity remove success
09-25 23:10:09.706 D/MzMobileDataTurboTracker(26308): info =  mUID = 10230 mOnResumeActivityMap = {} mOnResumeActivityCount = 0
09-25 23:10:09.706 D/WindowModeClient( 7968): handleQuickPayWindowState: com.microsoft.emmx org.chromium.chrome.browser.document.ChromeLauncherActivity pause 1
09-25 23:10:09.706 D/WindowModeClient( 7968): onActivityStateChange: com.microsoft.emmx org.chromium.chrome.browser.document.ChromeLauncherActivity Bundle[{taskId=18983, userId=0, className=org.chromium.chrome.browser.document.ChromeLauncherActivity, pid=14009, uid=10230, state=pause, displayId=0, packageName=com.microsoft.emmx, windowingMode=1}]
09-25 23:10:09.706 D/MzMobileDataTurboTracker(26308): handleMessage: msg={ when=-1ms what=1002 obj=10230 target=com.meizu.phone.MzMobileDataTurboTracker }
09-25 23:10:09.706 D/AppLocker( 3025): isPopupUnlockingActivity::begin: com.microsoft.emmx/com.google.android.apps.chrome.IntentDispatcher/Intent { act=android.intent.action.VIEW dat=https://github.com/... flg=0x2800000 xflg=0x4 pkg=com.microsoft.emmx cmp=com.microsoft.emmx/com.google.android.apps.chrome.IntentDispatcher (has extras) }
09-25 23:10:09.706 D/AppLocker( 3025): isPopupUnlockingActivity::end: ,/false/false
09-25 23:10:09.706 D/MzMobileDataTurboTracker(26308): uid: 10230 resumedCount = 0
09-25 23:10:09.706 D/AppLocker( 3025): isPopupUnlockingActivity::begin: com.github.android/com.github.android.auth.SimplifiedLoginActivity/Intent { flg=0x10000000 xflg=0x4 cmp=com.github.android/.auth.SimplifiedLoginActivity (has extras) }
09-25 23:10:09.706 D/AppLocker( 3025): isPopupUnlockingActivity::end: ,/false/false
09-25 23:10:09.707 I/ActivityTaskManager( 3025): The Process com.microsoft.emmx Already Exists in BG. So sending its PID: 14009
09-25 23:10:09.708 E/ANDR-PERF-LM( 1606): MetaMeter: handleAsync() 166: AdaptLaunch Invalid Async
09-25 23:10:09.708 I/OneAuthLog(14009): [OneAuth:0002:Info:4yqcr:ff000000] Starting transaction for readaccountbyid
09-25 23:10:09.708 D/AppLocker( 3025): isPopupUnlockingActivity::begin: com.microsoft.emmx/com.google.android.apps.chrome.IntentDispatcher/Intent { act=android.intent.action.VIEW dat=https://github.com/... flg=0x2800000 xflg=0x4 pkg=com.microsoft.emmx cmp=com.microsoft.emmx/com.google.android.apps.chrome.IntentDispatcher (has extras) }
09-25 23:10:09.708 D/AppLocker( 3025): isPopupUnlockingActivity::end: ,/false/false
09-25 23:10:09.708 D/AppLocker( 3025): isPopupUnlockingActivity::begin: com.github.android/com.github.android.auth.SimplifiedLoginActivity/Intent { flg=0x10000000 xflg=0x4 cmp=com.github.android/.auth.SimplifiedLoginActivity (has extras) }
09-25 23:10:09.708 D/AppLocker( 3025): isPopupUnlockingActivity::end: ,/false/false
09-25 23:10:09.710 I/chromium(14009): [INFO:components/edge_auth/oneauth/oneauth_config.cc:317] [OneAuth:0002:Info:4yqcr:ff000000] Starting transaction for readaccountbyid

============================================================

--- Trigger point at line 15391 ---
09-25 23:10:09.706 D/AppLocker( 3025): isPopupUnlockingActivity::begin: com.microsoft.emmx/com.google.android.apps.chrome.IntentDispatcher/Intent { act=android.intent.action.VIEW dat=https://github.com/... flg=0x2800000 xflg=0x4 pkg=com.microsoft.emmx cmp=com.microsoft.emmx/com.google.android.apps.chrome.IntentDispatcher (has extras) }
09-25 23:10:09.706 D/AppLocker( 3025): isPopupUnlockingActivity::end: ,/false/false
09-25 23:10:09.706 D/MzMobileDataTurboTracker(26308): uid: 10230 resumedCount = 0
09-25 23:10:09.706 D/AppLocker( 3025): isPopupUnlockingActivity::begin: com.github.android/com.github.android.auth.SimplifiedLoginActivity/Intent { flg=0x10000000 xflg=0x4 cmp=com.github.android/.auth.SimplifiedLoginActivity (has extras) }
09-25 23:10:09.706 D/AppLocker( 3025): isPopupUnlockingActivity::end: ,/false/false
09-25 23:10:09.707 I/ActivityTaskManager( 3025): The Process com.microsoft.emmx Already Exists in BG. So sending its PID: 14009
09-25 23:10:09.708 E/ANDR-PERF-LM( 1606): MetaMeter: handleAsync() 166: AdaptLaunch Invalid Async
09-25 23:10:09.708 I/OneAuthLog(14009): [OneAuth:0002:Info:4yqcr:ff000000] Starting transaction for readaccountbyid
09-25 23:10:09.708 D/AppLocker( 3025): isPopupUnlockingActivity::begin: com.microsoft.emmx/com.google.android.apps.chrome.IntentDispatcher/Intent { act=android.intent.action.VIEW dat=https://github.com/... flg=0x2800000 xflg=0x4 pkg=com.microsoft.emmx cmp=com.microsoft.emmx/com.google.android.apps.chrome.IntentDispatcher (has extras) }
09-25 23:10:09.708 D/AppLocker( 3025): isPopupUnlockingActivity::end: ,/false/false
09-25 23:10:09.708 D/AppLocker( 3025): isPopupUnlockingActivity::begin: com.github.android/com.github.android.auth.SimplifiedLoginActivity/Intent { flg=0x10000000 xflg=0x4 cmp=com.github.android/.auth.SimplifiedLoginActivity (has extras) }
09-25 23:10:09.708 D/AppLocker( 3025): isPopupUnlockingActivity::end: ,/false/false
09-25 23:10:09.710 I/chromium(14009): [INFO:components/edge_auth/oneauth/oneauth_config.cc:317] [OneAuth:0002:Info:4yqcr:ff000000] Starting transaction for readaccountbyid
09-25 23:10:09.713 W/ContextImpl(25089): Failed to ensure /data/user/0/com.microsoft.emmx/files: mkdir failed: ENOENT (No such file or directory)
09-25 23:10:09.714 V/NetworkPolicy( 3025): 10230 state changed to TOP ,seq=4398195,cap=LCMNFUAT
09-25 23:10:09.714 D/lowmemorykiller(  886): critical pressure event polling check
09-25 23:10:09.714 D/lowmemorykiller(  886): thrashing: 0% thrashing_limit: 30%
09-25 23:10:09.714 D/lowmemorykiller(  886): Not killing for critical pressure event polling check
09-25 23:10:09.715 D/AppLocker( 3025): isPopupUnlockingActivity::begin: com.microsoft.emmx/com.google.android.apps.chrome.IntentDispatcher/Intent { act=android.intent.action.VIEW dat=https://github.com/... flg=0x2800000 xflg=0x4 pkg=com.microsoft.emmx cmp=com.microsoft.emmx/com.google.android.apps.chrome.IntentDispatcher (has extras) }
09-25 23:10:09.715 D/AppLocker( 3025): isPopupUnlockingActivity::end: ,/false/false

============================================================

--- Trigger point at line 15401 ---
09-25 23:10:09.708 D/AppLocker( 3025): isPopupUnlockingActivity::begin: com.github.android/com.github.android.auth.SimplifiedLoginActivity/Intent { flg=0x10000000 xflg=0x4 cmp=com.github.android/.auth.SimplifiedLoginActivity (has extras) }
09-25 23:10:09.708 D/AppLocker( 3025): isPopupUnlockingActivity::end: ,/false/false
09-25 23:10:09.710 I/chromium(14009): [INFO:components/edge_auth/oneauth/oneauth_config.cc:317] [OneAuth:0002:Info:4yqcr:ff000000] Starting transaction for readaccountbyid
09-25 23:10:09.713 W/ContextImpl(25089): Failed to ensure /data/user/0/com.microsoft.emmx/files: mkdir failed: ENOENT (No such file or directory)
09-25 23:10:09.714 V/NetworkPolicy( 3025): 10230 state changed to TOP ,seq=4398195,cap=LCMNFUAT
09-25 23:10:09.714 D/lowmemorykiller(  886): critical pressure event polling check
09-25 23:10:09.714 D/lowmemorykiller(  886): thrashing: 0% thrashing_limit: 30%
09-25 23:10:09.714 D/lowmemorykiller(  886): Not killing for critical pressure event polling check
09-25 23:10:09.715 D/AppLocker( 3025): isPopupUnlockingActivity::begin: com.microsoft.emmx/com.google.android.apps.chrome.IntentDispatcher/Intent { act=android.intent.action.VIEW dat=https://github.com/... flg=0x2800000 xflg=0x4 pkg=com.microsoft.emmx cmp=com.microsoft.emmx/com.google.android.apps.chrome.IntentDispatcher (has extras) }
09-25 23:10:09.715 D/AppLocker( 3025): isPopupUnlockingActivity::end: ,/false/false
09-25 23:10:09.715 D/AppLocker( 3025): isPopupUnlockingActivity::begin: com.github.android/com.github.android.auth.SimplifiedLoginActivity/Intent { flg=0x10000000 xflg=0x4 cmp=com.github.android/.auth.SimplifiedLoginActivity (has extras) }
09-25 23:10:09.715 D/AppLocker( 3025): isPopupUnlockingActivity::end: ,/false/false
09-25 23:10:09.716 W/System.err(25089): java.io.IOException: No such file or directory
09-25 23:10:09.721 W/Thanox-Core( 3025): reportOnActivityResumed: Intent { cmp=com.microsoft.emmx/org.chromium.chrome.browser.document.ChromeLauncherActivity }, user: 0
09-25 23:10:09.722 W/Thanox-Core( 3025): onActivityResumedInternal: Intent { cmp=com.microsoft.emmx/org.chromium.chrome.browser.document.ChromeLauncherActivity }
09-25 23:10:09.722 D/WindowModeClient( 7968): handleQuickPayWindowState: com.microsoft.emmx org.chromium.chrome.browser.document.ChromeLauncherActivity resume 1
09-25 23:10:09.722 D/WindowModeClient( 7968): onActivityStateChange: com.microsoft.emmx org.chromium.chrome.browser.document.ChromeLauncherActivity Bundle[{taskId=18983, userId=0, className=org.chromium.chrome.browser.document.ChromeLauncherActivity, pid=14009, uid=10230, state=resume, displayId=0, packageName=com.microsoft.emmx, windowingMode=1}]
09-25 23:10:09.722 I/chromium(14009): [INFO:components/edge_auth/oneauth/oneauth_config.cc:203] EventName: ActionMicrosoftEdgeAndroid
09-25 23:10:09.722 I/chromium(14009): [INFO:components/edge_auth/oneauth/oneauth_config.cc:204] SessionId: d0d94796-cde5-49e6-bea2-089e3f994b35
09-25 23:10:09.723 I/chromium(14009): [INFO:components/edge_auth/oneauth/oneauth_config.cc:205] RecommendedTelemetryRegion: 

============================================================

--- Trigger point at line 15885 ---
09-25 23:10:09.795 D/NotifIconContainerViewBinder( 4164): shelf iconsDiff = Diff(added=[], removed=[], groupReplacements={})
09-25 23:10:09.795 D/NotifIconContainerViewBinder( 4164): statusbar _iconsData = NotificationIconsViewData(visibleIcons=[NotificationIconInfo(sourceIcon=Icon(typ=RESOURCE pkg=com.android.systemui id=0x7f080fb8), notifKey=0|com.tencent.mobileqq|515|null|10246, groupKey=0|com.tencent.mobileqq|515|null|10246), NotificationIconInfo(sourceIcon=Icon(typ=RESOURCE pkg=com.android.systemui id=0x7f0812b5), notifKey=0|com.huami.watch.hmwatchmanager|4|null|10350, groupKey=0|com.huami.watch.hmwatchmanager|g:zepp_notification.group.other), NotificationIconInfo(sourceIcon=Icon(typ=RESOURCE pkg=com.android.systemui id=0x7f0812b5), notifKey=0|com.follow.clash|1|null|10267, groupKey=0|com.follow.clash|1|null|10267), NotificationIconInfo(sourceIcon=Icon(typ=RESOURCE pkg=com.android.systemui id=0x7f0812b5), notifKey=0|top.coclyun.clipshare|1|null|10315, groupKey=0|top.coclyun.clipshare|1|null|10315)], iconLimit=4, limitType=MaximumAmount)
09-25 23:10:09.796 D/NotifIconContainerViewBinder( 4164): visibleIcons = [NotificationIconInfo(sourceIcon=Icon(typ=RESOURCE pkg=com.android.systemui id=0x7f080fb8), notifKey=0|com.tencent.mobileqq|515|null|10246, groupKey=0|com.tencent.mobileqq|515|null|10246), NotificationIconInfo(sourceIcon=Icon(typ=RESOURCE pkg=com.android.systemui id=0x7f0812b5), notifKey=0|com.huami.watch.hmwatchmanager|4|null|10350, groupKey=0|com.huami.watch.hmwatchmanager|g:zepp_notification.group.other), NotificationIconInfo(sourceIcon=Icon(typ=RESOURCE pkg=com.android.systemui id=0x7f0812b5), notifKey=0|com.follow.clash|1|null|10267, groupKey=0|com.follow.clash|1|null|10267), NotificationIconInfo(sourceIcon=Icon(typ=RESOURCE pkg=com.android.systemui id=0x7f0812b5), notifKey=0|top.coclyun.clipshare|1|null|10315, groupKey=0|top.coclyun.clipshare|1|null|10315)]
09-25 23:10:09.796 D/NotifIconContainerViewBinder( 4164): isGenericThirdPartyIcon = false
09-25 23:10:09.796 D/NotifIconContainerViewBinder( 4164): key = com.tencent.mobileqq$com.android.systemui$2131234744
09-25 23:10:09.796 D/NotifIconContainerViewBinder( 4164): isGenericThirdPartyIcon = true
09-25 23:10:09.796 D/NotifIconContainerViewBinder( 4164): isGenericThirdPartyIcon = true
09-25 23:10:09.796 D/NotifIconContainerViewBinder( 4164): isGenericThirdPartyIcon = true
09-25 23:10:09.796 D/NotifIconContainerViewBinder( 4164): toShow = [NotificationIconInfo(sourceIcon=Icon(typ=RESOURCE pkg=com.android.systemui id=0x7f0812b5), notifKey=0|com.huami.watch.hmwatchmanager|4|null|10350, groupKey=0|com.huami.watch.hmwatchmanager|g:zepp_notification.group.other), NotificationIconInfo(sourceIcon=Icon(typ=RESOURCE pkg=com.android.systemui id=0x7f080fb8), notifKey=0|com.tencent.mobileqq|515|null|10246, groupKey=0|com.tencent.mobileqq|515|null|10246)]
09-25 23:10:09.796 D/NotifIconContainerViewBinder( 4164): statusbar iconsDiff = Diff(added=[], removed=[], groupReplacements={})
09-25 23:10:09.796 V/WindowManager( 3025): Sent Transition (#15935) createdAt=09-25 23:10:08.975 via request=TransitionRequestInfo { type = OPEN, triggerTask = TaskInfo{userId=0 taskId=18983 effectiveUid=10216 displayId=0 isRunning=true baseIntent=Intent { flg=0x10000000 cmp=com.github.android/.auth.SimplifiedLoginActivity } baseActivity=ComponentInfo{com.github.android/com.github.android.auth.SimplifiedLoginActivity} topActivity=ComponentInfo{com.github.android/net.openid.appauth.AuthorizationManagementActivity} origActivity=null realActivity=ComponentInfo{com.github.android/com.github.android.auth.SimplifiedLoginActivity} numActivities=2 lastActiveTime=299600613 supportsMultiWindow=true resizeMode=1 isResizeable=true minWidth=-1 minHeight=-1 defaultMinSize=220 token=WCT{RemoteToken{f2421a7 Task{741aad #18983 type=standard A=10216:com.github.android}}} topActivityType=1 pictureInPictureParams=null shouldDockBigOverlays=false launchIntoPipHostTaskId=-1 lastParentTaskIdBeforePip=-1 displayCutoutSafeInsets=Rect(0, 0 - 0, 0) topActivityInfo=ActivityInfo{a45761 net.openid.appauth.AuthorizationManagementActivity} launchCookies=[android.os.BinderProxy@2aa673c] positionInParent=Point(0, 0) parentTaskId=-1 isFocused=true isVisible=true isVisibleRequested=true isTopActivityNoDisplay=false isSleeping=false locusId=null displayAreaFeatureId=1 isTopActivityTransparent=true isActivityStackTransparent=false lastNonFullscreenBounds=Rect(285, 718 - 795, 1798) capturedLink=null capturedLinkTimestamp=0 requestedVisibleTypes=-9 topActivityRequestOpenInBrowserEducationTimestamp=0 appCompatTaskInfo=AppCompatTaskInfo { topActivityInSizeCompat=false eligibleForLetterboxEducation= false isLetterboxEducationEnabled= false isLetterboxDoubleTapEnabled= false eligibleForUserAspectRatioButton= false topActivityBoundsLetterboxed= false isFromLetterboxDoubleTap= false topActivityLetterboxVerticalPosition= -1 topActivityLetterboxHorizontalPosition= -1 topActivityLetterboxWidth=-1 topActivityLetterboxHeight=-1 topActivityAppBounds=Rect(0, 0 - 1080, 2400) isUserFullscreenOverrideEnabled=false isSystemFullscreenOverrideEnabled=false hasMinAspectRatioOverride=false topActivityLetterboxBounds=null cameraCompatTaskInfo=CameraCompatTaskInfo { freeformCameraCompatMode=inactive}} topActivityMainWindowFrame=null}, pipChange = null, remoteTransition = null, displayChange = null, flags = 0, debugId = 15935 }
09-25 23:10:09.796 V/WindowManager( 3025):     startWCT=WindowContainerTransaction { changes= {} hops= [] errorCallbackToken=null taskFragmentOrganizer=null }
09-25 23:10:09.796 V/WindowManager( 3025):     info={id=15935 t=OPEN f=0x0 trk=0 r=[0@Point(0, 0)] c=[
09-25 23:10:09.796 V/WindowManager( 3025):         {WCT{RemoteToken{30be9f Task{25a7bb8 #18980 type=standard A=10230:com.microsoft.emmx}}} m=TO_FRONT f=MOVE_TO_TOP leash=Surface(name=Task=18980#250448)/@0x686902a sb=Rect(0, 0 - 1080, 2400) eb=Rect(0, 0 - 1080, 2400) epz=Point(1080, 2400) d=0 taskParent=-1},
09-25 23:10:09.796 V/WindowManager( 3025):         {WCT{RemoteToken{f2421a7 Task{741aad #18983 type=standard A=10216:com.github.android}}} m=TO_BACK f=NONE leash=Surface(name=Task=18983#251604)/@0x5e41e2 sb=Rect(0, 0 - 1080, 2400) eb=Rect(0, 0 - 1080, 2400) epz=Point(1080, 2400) d=0 taskParent=-1}
09-25 23:10:09.796 V/WindowManager( 3025):     ]}
09-25 23:10:09.796 D/NotificationListener( 4722): onNotificationPosted
09-25 23:10:09.797 I/ndroid.systemui( 4164): AssetManager2(0xb40000789b70cb38) locale list changing from [] to [zh-CN]
09-25 23:10:09.798 D/lowmemorykiller(  886): critical pressure event polling check
09-25 23:10:09.798 D/lowmemorykiller(  886): thrashing: 1% thrashing_limit: 30%

============================================================

--- Trigger point at line 16614 ---
09-25 23:10:10.513 D/vendor.qti.bluetooth@1.1-wake_lock( 1481): Release wakelock is released 
09-25 23:10:10.515 V/WindowManagerShell( 4164): Transition animation finished (aborted=false), notifying core (#15935) android.os.BinderProxy@babee7b@0
09-25 23:10:10.516 V/WindowManager( 3025): Finish starting ActivityRecord{164344063 u0 com.microsoft.emmx/com.microsoft.ruby.Main t18980}: first real window is shown, no animation
09-25 23:10:10.516 V/WindowManager( 3025): Schedule remove starting ActivityRecord{164344063 u0 com.microsoft.emmx/com.microsoft.ruby.Main t18980} startingWindow=Window{2922570 u0 Splash Screen com.microsoft.emmx} animate=true Callers=com.android.server.wm.ActivityRecord.removeStartingWindow:2956 com.android.server.wm.ActivityRecord.onFirstWindowDrawn:6989 com.android.server.wm.WindowState.performShowLocked:4421 com.android.server.wm.WindowStateAnimator.commitFinishDrawingLocked:278 com.android.server.wm.DisplayContent.lambda$new$8:1034 
09-25 23:10:10.517 D/lowmemorykiller(  886): critical pressure event polling check
09-25 23:10:10.518 D/lowmemorykiller(  886): thrashing: 10% thrashing_limit: 30%
09-25 23:10:10.518 D/lowmemorykiller(  886): Not killing for critical pressure event polling check
09-25 23:10:10.522 V/WindowManagerShell( 4164): Track 0 became idle
09-25 23:10:10.522 V/WindowManagerShell( 4164): All active transition animations finished
09-25 23:10:10.522 V/ShellStartingWindow( 4164): Task start finish, remove starting surface for task: 18980
09-25 23:10:10.522 D/VRI[SimplifiedLoginActivity](24966): visibilityChanged oldVisibility=true newVisibility=false
09-25 23:10:10.526 W/libprocessgroup( 3025): WriteFile::WriteValueToFile: failed to open /sys/block/zram0/smartswap_swapd_pause: Permission denied
09-25 23:10:10.526 W/libprocessgroup( 3025): Failed to apply EnableSmartSwap process profile
09-25 23:10:10.526 E/SmartSwapConfiger( 3025): Enable smart swap failed!
09-25 23:10:10.526 E/SmartSwapConfiger( 3025): java.lang.RuntimeException: Could not apply smart swap config
09-25 23:10:10.526 E/SmartSwapConfiger( 3025): 	at android.os.Process.enableSmartSwap(Native Method)
09-25 23:10:10.526 E/SmartSwapConfiger( 3025): 	at com.android.server.am.SmartSwapConfiger.pauseSmartSwap(SmartSwapConfiger.java:152)
09-25 23:10:10.526 E/SmartSwapConfiger( 3025): 	at com.flyme.server.tuning.feature.InteractionFirstFeature$2.onAnimationStateChanged(InteractionFirstFeature.java:176)
09-25 23:10:10.526 E/SmartSwapConfiger( 3025): 	at com.flyme.server.tuning.utils.AnimationMonitor.updateAnimatingRequest(AnimationMonitor.java:168)
09-25 23:10:10.526 E/SmartSwapConfiger( 3025): 	at com.flyme.server.tuning.utils.AnimationMonitor.handleTransitionAnimationChanged(AnimationMonitor.java:123)

============================================================

--- Trigger point at line 16798 ---
09-25 23:10:10.577 D/flyme_sb_mobile( 4164): getFlymeFiveGIcon, subId=1, nrState=0, nrCaState=false
09-25 23:10:10.578 D/lowmemorykiller(  886): critical pressure event polling check
09-25 23:10:10.578 D/lowmemorykiller(  886): thrashing: 11% thrashing_limit: 30%
09-25 23:10:10.578 W/ContextImpl( 3025): Calling a method in the system process without a qualified user: android.app.ContextImpl.sendBroadcastMultiplePermissions:1324 android.content.Context.sendBroadcastMultiplePermissions:2593 com.android.server.TelephonyRegistry.broadcastServiceStateChanged:4170 com.android.server.TelephonyRegistry.notifyServiceStateForPhoneId:1848 com.android.internal.telephony.ITelephonyRegistry$Stub.onTransact:613 
09-25 23:10:10.578 D/lowmemorykiller(  886): Not killing for critical pressure event polling check
09-25 23:10:10.579 D/IntentFirewall( 3025): CHECK INTENT - ComponentName[com.alibaba.wireless/com.taobao.accs.internal.AccsJobService], intentType[service], intent[null], caller/callee[1000, 10400], callerPackage/calleePackage[android, com.alibaba.wireless]
09-25 23:10:10.579 D/IntentFirewall( 3025): [SKIP] ifw is not enabled
09-25 23:10:10.579 D/ActivityManager( 3025): Skip bind service as frozen :ProcessRecord{8dc61fc 30555:com.alibaba.wireless:channel/u0a400}
09-25 23:10:10.582 W/ActivityManager( 3025): Unbind failed: could not find connection for android.app.LoadedApk$ServiceDispatcher$InnerConnection@5a5a162
09-25 23:10:10.584 E/JobScheduler.Concurrency( 3025): Error executing JobStatus{1134dd5 #u0a400/2050 com.alibaba.wireless/com.taobao.accs.internal.AccsJobService u=0 s=10400 TIME=-2m36s375ms:-2m36s375ms NET READY}
09-25 23:10:10.589 D/CoreBackPreview( 3025): Window{278a4ac u0 com.github.android/com.github.android.auth.SimplifiedLoginActivity}: Setting back callback OnBackInvokedCallbackInfo{mCallback=android.window.IOnBackInvokedCallback$Stub$Proxy@47d3a29, mPriority=-1, mIsAnimationCallback=false, mOverrideBehavior=0}
09-25 23:10:10.591 D/lowmemorykiller(  886): critical pressure event polling check
09-25 23:10:10.591 D/lowmemorykiller(  886): thrashing: 11% thrashing_limit: 30%
09-25 23:10:10.591 D/lowmemorykiller(  886): Not killing for critical pressure event polling check
09-25 23:10:10.594 I/wpa_supplicant(19529): wlan0: CTRL-EVENT-AVOID-FREQ ranges=
09-25 23:10:10.594 I/WifiHAL ( 1536): event received NL80211_CMD_VENDOR, vendor_id = 0x1374, subcmd = 0xa
09-25 23:10:10.594 I/cnss-daemon( 2519): nl80211 response handler invoked
09-25 23:10:10.594 I/cnss-daemon( 2519): nl80211_response_handler: cmd 103, vendorID 4980, subcmd 10  received
09-25 23:10:10.599 D/SecurityMargin( 3025): updateSecurityMarginState, the switch of security margin is off, return.
09-25 23:10:10.600 D/PasswordMode( 3025): updatePasswordModeState, inputType: 0 isInPasswordMode: false mCurFocusedPkg: com.microsoft.emmx

============================================================

--- Trigger point at line 16955 ---
09-25 23:10:10.662 V/NetworkPolicy( 3025): Firewall rule changed: 10366-background-allow
09-25 23:10:10.663 V/NetworkPolicy( 3025): Firewall rule changed: 20366-background-allow
09-25 23:10:10.663 D/NetworkPolicy( 3025): updateRuleForBackgroundUL ALLOW 10366
09-25 23:10:10.663 V/NetworkPolicy( 3025): updateEffectiveBlockedReasons(): blockedReasons=1000000, effectiveReasons=0
09-25 23:10:10.663 V/NetworkPolicy( 3025): updateRulesForPowerRestrictionsUL(10366), isIdle: false, mRestrictPower: false, mDeviceIdleMode: false, isForeground=false, isTop=false, isWhitelisted=false, isNwSocketWhitelist=false, oldUidBlockedState={blocked=APP_BACKGROUND,allowed=NONE,effective=APP_BACKGROUND}, newUidBlockedState={blocked=APP_BACKGROUND,allowed=NOT_IN_BACKGROUND,effective=NONE}
09-25 23:10:10.663 V/NetworkPolicy( 3025): uidBlockedState={blocked=APP_BACKGROUND,allowed=NOT_IN_BACKGROUND,effective=NONE} -> uidRule=32 (ALLOW_ALL)
09-25 23:10:10.663 V/NetworkPolicy( 3025): Dispatching rules=32 (ALLOW_ALL) for uid=10366
09-25 23:10:10.663 V/BinderSender( 6413): Uid 10158 already starts
09-25 23:10:10.664 V/NetworkPolicy( 3025): 10158 state changed to RCVR,seq=4398402,cap=-------T
09-25 23:10:10.664 D/NetworkPolicy( 3025): no need to update restrict power rules for uid 10158
09-25 23:10:10.665 D/AppEventMonitor( 8006): state: stopped, windowingMode: 1, displayId: 0, packageName: com.github.android, className: com.github.android.auth.SimplifiedLoginActivity
09-25 23:10:10.665 D/MzMobileDataTurboTracker(26308):  
09-25 23:10:10.665 D/MzMobileDataTurboTracker(26308):  
09-25 23:10:10.665 D/MzMobileDataTurboTracker(26308): uid = 10216 state = stopped
09-25 23:10:10.665 D/MzMobileDataTurboTracker(26308): packageName = com.github.android mClassName = com.github.android.auth.SimplifiedLoginActivity
09-25 23:10:10.665 D/MzMobileDataTurboTracker(26308): mWindowingMode = 1
09-25 23:10:10.665 D/MzMobileDataTurboTracker(26308): removeActivityFromUIDInfo: uid = 10216
09-25 23:10:10.665 D/WindowModeClient( 7968): handleQuickPayWindowState: com.github.android com.github.android.auth.SimplifiedLoginActivity stopped 1
09-25 23:10:10.666 D/NotificationService( 3025): FlymeSceneRecognitionManager: No interested package was found. Match target : origPkgName = com.omarea.vtools
09-25 23:10:10.666 D/WindowModeClient( 7968): onActivityStateChange: com.github.android com.github.android.auth.SimplifiedLoginActivity Bundle[{taskId=18983, userId=0, className=com.github.android.auth.SimplifiedLoginActivity, pid=24966, uid=10216, state=stopped, displayId=0, packageName=com.github.android, windowingMode=1}]

============================================================

--- Trigger point at line 16959 ---
09-25 23:10:10.663 V/NetworkPolicy( 3025): updateRulesForPowerRestrictionsUL(10366), isIdle: false, mRestrictPower: false, mDeviceIdleMode: false, isForeground=false, isTop=false, isWhitelisted=false, isNwSocketWhitelist=false, oldUidBlockedState={blocked=APP_BACKGROUND,allowed=NONE,effective=APP_BACKGROUND}, newUidBlockedState={blocked=APP_BACKGROUND,allowed=NOT_IN_BACKGROUND,effective=NONE}
09-25 23:10:10.663 V/NetworkPolicy( 3025): uidBlockedState={blocked=APP_BACKGROUND,allowed=NOT_IN_BACKGROUND,effective=NONE} -> uidRule=32 (ALLOW_ALL)
09-25 23:10:10.663 V/NetworkPolicy( 3025): Dispatching rules=32 (ALLOW_ALL) for uid=10366
09-25 23:10:10.663 V/BinderSender( 6413): Uid 10158 already starts
09-25 23:10:10.664 V/NetworkPolicy( 3025): 10158 state changed to RCVR,seq=4398402,cap=-------T
09-25 23:10:10.664 D/NetworkPolicy( 3025): no need to update restrict power rules for uid 10158
09-25 23:10:10.665 D/AppEventMonitor( 8006): state: stopped, windowingMode: 1, displayId: 0, packageName: com.github.android, className: com.github.android.auth.SimplifiedLoginActivity
09-25 23:10:10.665 D/MzMobileDataTurboTracker(26308):  
09-25 23:10:10.665 D/MzMobileDataTurboTracker(26308):  
09-25 23:10:10.665 D/MzMobileDataTurboTracker(26308): uid = 10216 state = stopped
09-25 23:10:10.665 D/MzMobileDataTurboTracker(26308): packageName = com.github.android mClassName = com.github.android.auth.SimplifiedLoginActivity
09-25 23:10:10.665 D/MzMobileDataTurboTracker(26308): mWindowingMode = 1
09-25 23:10:10.665 D/MzMobileDataTurboTracker(26308): removeActivityFromUIDInfo: uid = 10216
09-25 23:10:10.665 D/WindowModeClient( 7968): handleQuickPayWindowState: com.github.android com.github.android.auth.SimplifiedLoginActivity stopped 1
09-25 23:10:10.666 D/NotificationService( 3025): FlymeSceneRecognitionManager: No interested package was found. Match target : origPkgName = com.omarea.vtools
09-25 23:10:10.666 D/WindowModeClient( 7968): onActivityStateChange: com.github.android com.github.android.auth.SimplifiedLoginActivity Bundle[{taskId=18983, userId=0, className=com.github.android.auth.SimplifiedLoginActivity, pid=24966, uid=10216, state=stopped, displayId=0, packageName=com.github.android, windowingMode=1}]
09-25 23:10:10.667 D/MzMobileDataTurboTracker(26308): Activity =  mPackageName:com.github.android mState:stopped mClassName:com.github.android.auth.SimplifiedLoginActivity mTaskId:18983 mPid:24966 mUID:10216 mWindowingMode:1
09-25 23:10:10.667 D/MzMobileDataTurboTracker(26308): activity: com.github.android:com.github.android.auth.SimplifiedLoginActivity already not exist
09-25 23:10:10.667 D/MzMobileDataTurboTracker(26308): info =  mUID = 10216 mOnResumeActivityMap = {} mOnResumeActivityCount = 0
09-25 23:10:10.667 I/NtUnreadPart(25187): Conversation, mUnReadCount[2], msgUnReadCount[2], callUnReadCount[0]

============================================================

--- Trigger point at line 16962 ---
09-25 23:10:10.663 V/BinderSender( 6413): Uid 10158 already starts
09-25 23:10:10.664 V/NetworkPolicy( 3025): 10158 state changed to RCVR,seq=4398402,cap=-------T
09-25 23:10:10.664 D/NetworkPolicy( 3025): no need to update restrict power rules for uid 10158
09-25 23:10:10.665 D/AppEventMonitor( 8006): state: stopped, windowingMode: 1, displayId: 0, packageName: com.github.android, className: com.github.android.auth.SimplifiedLoginActivity
09-25 23:10:10.665 D/MzMobileDataTurboTracker(26308):  
09-25 23:10:10.665 D/MzMobileDataTurboTracker(26308):  
09-25 23:10:10.665 D/MzMobileDataTurboTracker(26308): uid = 10216 state = stopped
09-25 23:10:10.665 D/MzMobileDataTurboTracker(26308): packageName = com.github.android mClassName = com.github.android.auth.SimplifiedLoginActivity
09-25 23:10:10.665 D/MzMobileDataTurboTracker(26308): mWindowingMode = 1
09-25 23:10:10.665 D/MzMobileDataTurboTracker(26308): removeActivityFromUIDInfo: uid = 10216
09-25 23:10:10.665 D/WindowModeClient( 7968): handleQuickPayWindowState: com.github.android com.github.android.auth.SimplifiedLoginActivity stopped 1
09-25 23:10:10.666 D/NotificationService( 3025): FlymeSceneRecognitionManager: No interested package was found. Match target : origPkgName = com.omarea.vtools
09-25 23:10:10.666 D/WindowModeClient( 7968): onActivityStateChange: com.github.android com.github.android.auth.SimplifiedLoginActivity Bundle[{taskId=18983, userId=0, className=com.github.android.auth.SimplifiedLoginActivity, pid=24966, uid=10216, state=stopped, displayId=0, packageName=com.github.android, windowingMode=1}]
09-25 23:10:10.667 D/MzMobileDataTurboTracker(26308): Activity =  mPackageName:com.github.android mState:stopped mClassName:com.github.android.auth.SimplifiedLoginActivity mTaskId:18983 mPid:24966 mUID:10216 mWindowingMode:1
09-25 23:10:10.667 D/MzMobileDataTurboTracker(26308): activity: com.github.android:com.github.android.auth.SimplifiedLoginActivity already not exist
09-25 23:10:10.667 D/MzMobileDataTurboTracker(26308): info =  mUID = 10216 mOnResumeActivityMap = {} mOnResumeActivityCount = 0
09-25 23:10:10.667 I/NtUnreadPart(25187): Conversation, mUnReadCount[2], msgUnReadCount[2], callUnReadCount[0]
09-25 23:10:10.668 D/MSpaceControllerImpl( 3025): onKeyguard=false
09-25 23:10:10.668 D/NotificationService( 3025): false,false---setDisableRemind----com.omarea.vtools,10234
09-25 23:10:10.668 D/NotificationService( 3025): 0|com.omarea.vtools|256|null|10234 with 0,,NotificationRecord(0x0333a6a1: pkg=com.omarea.vtools user=UserHandle{0} id=256 tag=null importance=2 key=0|com.omarea.vtools|256|null|10234: Notification(channel=scene-scheduler shortcut=null contentView=null bigContentView=null vibrate=null sound=null defaults=0 flags=ONGOING_EVENT|ONLY_ALERT_ONCE|NO_CLEAR color=0x00000000 category=status groupKey=silent vis=PUBLIC))

============================================================

--- Trigger point at line 16964 ---
09-25 23:10:10.664 D/NetworkPolicy( 3025): no need to update restrict power rules for uid 10158
09-25 23:10:10.665 D/AppEventMonitor( 8006): state: stopped, windowingMode: 1, displayId: 0, packageName: com.github.android, className: com.github.android.auth.SimplifiedLoginActivity
09-25 23:10:10.665 D/MzMobileDataTurboTracker(26308):  
09-25 23:10:10.665 D/MzMobileDataTurboTracker(26308):  
09-25 23:10:10.665 D/MzMobileDataTurboTracker(26308): uid = 10216 state = stopped
09-25 23:10:10.665 D/MzMobileDataTurboTracker(26308): packageName = com.github.android mClassName = com.github.android.auth.SimplifiedLoginActivity
09-25 23:10:10.665 D/MzMobileDataTurboTracker(26308): mWindowingMode = 1
09-25 23:10:10.665 D/MzMobileDataTurboTracker(26308): removeActivityFromUIDInfo: uid = 10216
09-25 23:10:10.665 D/WindowModeClient( 7968): handleQuickPayWindowState: com.github.android com.github.android.auth.SimplifiedLoginActivity stopped 1
09-25 23:10:10.666 D/NotificationService( 3025): FlymeSceneRecognitionManager: No interested package was found. Match target : origPkgName = com.omarea.vtools
09-25 23:10:10.666 D/WindowModeClient( 7968): onActivityStateChange: com.github.android com.github.android.auth.SimplifiedLoginActivity Bundle[{taskId=18983, userId=0, className=com.github.android.auth.SimplifiedLoginActivity, pid=24966, uid=10216, state=stopped, displayId=0, packageName=com.github.android, windowingMode=1}]
09-25 23:10:10.667 D/MzMobileDataTurboTracker(26308): Activity =  mPackageName:com.github.android mState:stopped mClassName:com.github.android.auth.SimplifiedLoginActivity mTaskId:18983 mPid:24966 mUID:10216 mWindowingMode:1
09-25 23:10:10.667 D/MzMobileDataTurboTracker(26308): activity: com.github.android:com.github.android.auth.SimplifiedLoginActivity already not exist
09-25 23:10:10.667 D/MzMobileDataTurboTracker(26308): info =  mUID = 10216 mOnResumeActivityMap = {} mOnResumeActivityCount = 0
09-25 23:10:10.667 I/NtUnreadPart(25187): Conversation, mUnReadCount[2], msgUnReadCount[2], callUnReadCount[0]
09-25 23:10:10.668 D/MSpaceControllerImpl( 3025): onKeyguard=false
09-25 23:10:10.668 D/NotificationService( 3025): false,false---setDisableRemind----com.omarea.vtools,10234
09-25 23:10:10.668 D/NotificationService( 3025): 0|com.omarea.vtools|256|null|10234 with 0,,NotificationRecord(0x0333a6a1: pkg=com.omarea.vtools user=UserHandle{0} id=256 tag=null importance=2 key=0|com.omarea.vtools|256|null|10234: Notification(channel=scene-scheduler shortcut=null contentView=null bigContentView=null vibrate=null sound=null defaults=0 flags=ONGOING_EVENT|ONLY_ALERT_ONCE|NO_CLEAR color=0x00000000 category=status groupKey=silent vis=PUBLIC))
09-25 23:10:10.668 D/NotificationService( 3025): 0|com.omarea.vtools|256|null|10234 with 0,livetime=0
09-25 23:10:10.668 D/NotificationService( 3025): isBlocked first= false(com.omarea.vtools:10234)

============================================================

--- Trigger point at line 16965 ---
09-25 23:10:10.665 D/AppEventMonitor( 8006): state: stopped, windowingMode: 1, displayId: 0, packageName: com.github.android, className: com.github.android.auth.SimplifiedLoginActivity
09-25 23:10:10.665 D/MzMobileDataTurboTracker(26308):  
09-25 23:10:10.665 D/MzMobileDataTurboTracker(26308):  
09-25 23:10:10.665 D/MzMobileDataTurboTracker(26308): uid = 10216 state = stopped
09-25 23:10:10.665 D/MzMobileDataTurboTracker(26308): packageName = com.github.android mClassName = com.github.android.auth.SimplifiedLoginActivity
09-25 23:10:10.665 D/MzMobileDataTurboTracker(26308): mWindowingMode = 1
09-25 23:10:10.665 D/MzMobileDataTurboTracker(26308): removeActivityFromUIDInfo: uid = 10216
09-25 23:10:10.665 D/WindowModeClient( 7968): handleQuickPayWindowState: com.github.android com.github.android.auth.SimplifiedLoginActivity stopped 1
09-25 23:10:10.666 D/NotificationService( 3025): FlymeSceneRecognitionManager: No interested package was found. Match target : origPkgName = com.omarea.vtools
09-25 23:10:10.666 D/WindowModeClient( 7968): onActivityStateChange: com.github.android com.github.android.auth.SimplifiedLoginActivity Bundle[{taskId=18983, userId=0, className=com.github.android.auth.SimplifiedLoginActivity, pid=24966, uid=10216, state=stopped, displayId=0, packageName=com.github.android, windowingMode=1}]
09-25 23:10:10.667 D/MzMobileDataTurboTracker(26308): Activity =  mPackageName:com.github.android mState:stopped mClassName:com.github.android.auth.SimplifiedLoginActivity mTaskId:18983 mPid:24966 mUID:10216 mWindowingMode:1
09-25 23:10:10.667 D/MzMobileDataTurboTracker(26308): activity: com.github.android:com.github.android.auth.SimplifiedLoginActivity already not exist
09-25 23:10:10.667 D/MzMobileDataTurboTracker(26308): info =  mUID = 10216 mOnResumeActivityMap = {} mOnResumeActivityCount = 0
09-25 23:10:10.667 I/NtUnreadPart(25187): Conversation, mUnReadCount[2], msgUnReadCount[2], callUnReadCount[0]
09-25 23:10:10.668 D/MSpaceControllerImpl( 3025): onKeyguard=false
09-25 23:10:10.668 D/NotificationService( 3025): false,false---setDisableRemind----com.omarea.vtools,10234
09-25 23:10:10.668 D/NotificationService( 3025): 0|com.omarea.vtools|256|null|10234 with 0,,NotificationRecord(0x0333a6a1: pkg=com.omarea.vtools user=UserHandle{0} id=256 tag=null importance=2 key=0|com.omarea.vtools|256|null|10234: Notification(channel=scene-scheduler shortcut=null contentView=null bigContentView=null vibrate=null sound=null defaults=0 flags=ONGOING_EVENT|ONLY_ALERT_ONCE|NO_CLEAR color=0x00000000 category=status groupKey=silent vis=PUBLIC))
09-25 23:10:10.668 D/NotificationService( 3025): 0|com.omarea.vtools|256|null|10234 with 0,livetime=0
09-25 23:10:10.668 D/NotificationService( 3025): isBlocked first= false(com.omarea.vtools:10234)
09-25 23:10:10.668 D/NotificationService( 3025): isBlocked second= false(com.omarea.vtools:10234)

============================================================

--- Trigger point at line 16966 ---
09-25 23:10:10.665 D/MzMobileDataTurboTracker(26308):  
09-25 23:10:10.665 D/MzMobileDataTurboTracker(26308):  
09-25 23:10:10.665 D/MzMobileDataTurboTracker(26308): uid = 10216 state = stopped
09-25 23:10:10.665 D/MzMobileDataTurboTracker(26308): packageName = com.github.android mClassName = com.github.android.auth.SimplifiedLoginActivity
09-25 23:10:10.665 D/MzMobileDataTurboTracker(26308): mWindowingMode = 1
09-25 23:10:10.665 D/MzMobileDataTurboTracker(26308): removeActivityFromUIDInfo: uid = 10216
09-25 23:10:10.665 D/WindowModeClient( 7968): handleQuickPayWindowState: com.github.android com.github.android.auth.SimplifiedLoginActivity stopped 1
09-25 23:10:10.666 D/NotificationService( 3025): FlymeSceneRecognitionManager: No interested package was found. Match target : origPkgName = com.omarea.vtools
09-25 23:10:10.666 D/WindowModeClient( 7968): onActivityStateChange: com.github.android com.github.android.auth.SimplifiedLoginActivity Bundle[{taskId=18983, userId=0, className=com.github.android.auth.SimplifiedLoginActivity, pid=24966, uid=10216, state=stopped, displayId=0, packageName=com.github.android, windowingMode=1}]
09-25 23:10:10.667 D/MzMobileDataTurboTracker(26308): Activity =  mPackageName:com.github.android mState:stopped mClassName:com.github.android.auth.SimplifiedLoginActivity mTaskId:18983 mPid:24966 mUID:10216 mWindowingMode:1
09-25 23:10:10.667 D/MzMobileDataTurboTracker(26308): activity: com.github.android:com.github.android.auth.SimplifiedLoginActivity already not exist
09-25 23:10:10.667 D/MzMobileDataTurboTracker(26308): info =  mUID = 10216 mOnResumeActivityMap = {} mOnResumeActivityCount = 0
09-25 23:10:10.667 I/NtUnreadPart(25187): Conversation, mUnReadCount[2], msgUnReadCount[2], callUnReadCount[0]
09-25 23:10:10.668 D/MSpaceControllerImpl( 3025): onKeyguard=false
09-25 23:10:10.668 D/NotificationService( 3025): false,false---setDisableRemind----com.omarea.vtools,10234
09-25 23:10:10.668 D/NotificationService( 3025): 0|com.omarea.vtools|256|null|10234 with 0,,NotificationRecord(0x0333a6a1: pkg=com.omarea.vtools user=UserHandle{0} id=256 tag=null importance=2 key=0|com.omarea.vtools|256|null|10234: Notification(channel=scene-scheduler shortcut=null contentView=null bigContentView=null vibrate=null sound=null defaults=0 flags=ONGOING_EVENT|ONLY_ALERT_ONCE|NO_CLEAR color=0x00000000 category=status groupKey=silent vis=PUBLIC))
09-25 23:10:10.668 D/NotificationService( 3025): 0|com.omarea.vtools|256|null|10234 with 0,livetime=0
09-25 23:10:10.668 D/NotificationService( 3025): isBlocked first= false(com.omarea.vtools:10234)
09-25 23:10:10.668 D/NotificationService( 3025): isBlocked second= false(com.omarea.vtools:10234)
09-25 23:10:10.668 I/.flyme.launcher( 4722): AssetManager2(0xb40000789b7b7fd8) locale list changing from [] to [zh-CN]

============================================================

--- Trigger point at line 23619 ---
09-25 23:10:17.092 D/AppLocker( 3025): isPopupUnlockingActivity::end: ,/false/false
09-25 23:10:17.092 D/ActivityTaskManager( 3025): addStartingWindow getStartingWindowType 2 ActivityRecord{21480538 u0 com.github.android/net.openid.appauth.RedirectUriReceiverActivity t18983} allowTaskSnapshot true newTask false taskSwitch true processRunning true activityCreated false activityAllDrawn false isSnapshotCompatible false theme 7f140159 resolvedTheme 7f140159 isActivityUnlocking false
09-25 23:10:17.092 V/WindowManager( 3025): Creating SplashScreenStartingData
09-25 23:10:17.092 V/WindowManager( 3025): Add starting ActivityRecord{21480538 u0 com.github.android/net.openid.appauth.RedirectUriReceiverActivity t18983}: startingData=SplashScreenStartingData{e5f66bd removeAfterTransaction= 0}
09-25 23:10:17.092 E/FlymeSurfaceFlingerExtension( 1664): FPS: 38.658329
09-25 23:10:17.093 V/WindowManager( 3025): Added starting ActivityRecord{21480538 u0 com.github.android/net.openid.appauth.RedirectUriReceiverActivity t18983}: startingWindow=null startingView=com.android.server.wm.StartingSurfaceController$StartingSurface@31a84b2
09-25 23:10:17.093 E/HWComposer( 1664): getLuts: getLuts failed for display 4630946981250209410: UNSUPPORTED (8)
09-25 23:10:17.093 D/ActivityTrigger( 3025): ActivityTrigger activityPauseTrigger 
09-25 23:10:17.094 I/DynamicDDSService( 4342): handleMessage(ACTIVITY_INVOKE{appInfo=com.github.android isFullScreen=}true)
09-25 23:10:17.096 I/ActivityTaskManager( 3025): START u0 {act=android.intent.action.VIEW cat=[android.intent.category.BROWSABLE] dat=github://com.github.android/... flg=0x14000000 xflg=0x4 cmp=com.github.android/net.openid.appauth.RedirectUriReceiverActivity (has extras)} with LAUNCH_MULTIPLE from uid 10230 pid 14009 callingPackage com.microsoft.emmx (sr=164344063) (BAL_ALLOW_VISIBLE_WINDOW) result code=0 moveToFront=transientHide
09-25 23:10:17.096 V/WindowManagerShell( 4164): Transition requested (#15936): android.os.BinderProxy@c4ccf47 TransitionRequestInfo { type = OPEN, triggerTask = TaskInfo{userId=0 taskId=18983 effectiveUid=10216 displayId=0 isRunning=true baseIntent=Intent { flg=0x10000000 cmp=com.github.android/.auth.SimplifiedLoginActivity } baseActivity=ComponentInfo{com.github.android/com.github.android.auth.SimplifiedLoginActivity} topActivity=ComponentInfo{com.github.android/net.openid.appauth.RedirectUriReceiverActivity} origActivity=null realActivity=ComponentInfo{com.github.android/com.github.android.auth.SimplifiedLoginActivity} numActivities=3 lastActiveTime=299601385 supportsMultiWindow=true resizeMode=1 isResizeable=true minWidth=-1 minHeight=-1 defaultMinSize=220 token=WCT{android.window.IWindowContainerToken$Stub$Proxy@bc61374} topActivityType=1 pictureInPictureParams=null shouldDockBigOverlays=false launchIntoPipHostTaskId=-1 lastParentTaskIdBeforePip=-1 displayCutoutSafeInsets=Rect(0, 116 - 0, 0) topActivityInfo=ActivityInfo{cfbd09d net.openid.appauth.RedirectUriReceiverActivity} launchCookies=[android.os.BinderProxy@a557712] positionInParent=Point(0, 0) parentTaskId=-1 isFocused=false isVisible=false isVisibleRequested=false isTopActivityNoDisplay=false isSleeping=false locusId=null displayAreaFeatureId=1 isTopActivityTransparent=false isActivityStackTransparent=false lastNonFullscreenBounds=Rect(285, 718 - 795, 1798) capturedLink=null capturedLinkTimestamp=0 requestedVisibleTypes=-9 topActivityRequestOpenInBrowserEducationTimestamp=0 appCompatTaskInfo=AppCompatTaskInfo { topActivityInSizeCompat=false eligibleForLetterboxEducation= false isLetterboxEducationEnabled= false isLetterboxDoubleTapEnabled= false eligibleForUserAspectRatioButton= false topActivityBoundsLetterboxed= false isFromLetterboxDoubleTap= false topActivityLetterboxVerticalPosition= -1 topActivityLetterboxHorizontalPosition= -1 topActivityLetterboxWidth=-1 topActivityLetterboxHeight=-1 topActivityAppBounds=Rect(0, 0 - 1080, 2400) isUserFullscreenOverrideEnabled=false isSystemFullscreenOverrideEnabled=false hasMinAspectRatioOverride=false topActivityLetterboxBounds=null cameraCompatTaskInfo=CameraCompatTaskInfo { freeformCameraCompatMode=inactive}} topActivityMainWindowFrame=null}, pipChange = null, remoteTransition = null, displayChange = null, flags = 0, debugId = 15936 }
09-25 23:10:17.096 D/ShellSplitScreen( 4164): logExit: no-op, mLoggerSessionId is null
09-25 23:10:17.097 W/DynamicDDSService( 4342): appName is running in background.com.microsoft.emmx
09-25 23:10:17.098 D/CoreBackPreview( 3025): Window{86a3ddf u0 com.microsoft.emmx/com.microsoft.ruby.Main}: Setting back callback null
09-25 23:10:17.098 V/ShellStartingWindow( 4164): preferredStartingWindowType newTask=false, taskSwitch=true, processRunning=true, allowTaskSnapshot=true, activityCreated=false, isSolidColorSplashScreen=true, legacySplashScreen=false, activityDrawn=false, windowless=false, topIsHome=false
09-25 23:10:17.098 V/ShellStartingWindow( 4164): addSplashScreen for package: com.github.android with theme: 7f140159 for task: 18983, suggestType: 3
09-25 23:10:17.101 D/SensorService( 3025): onSampleResult: R:155 G:155 B:155 averageRGB:10197915
09-25 23:10:17.101 W/libprocessgroup( 3025): WriteFile::WriteValueToFile: failed to open /sys/block/zram0/smartswap_swapd_pause: Permission denied
09-25 23:10:17.101 W/libprocessgroup( 3025): Failed to apply DisableSmartSwap process profile
09-25 23:10:17.102 E/SmartSwapConfiger( 3025): Enable smart swap failed!

============================================================

--- Trigger point at line 23737 ---
09-25 23:10:17.174 V/WindowManagerShell( 4164): Playing animation for (#15936) android.os.BinderProxy@c4ccf47@0
09-25 23:10:17.174 V/ShellRecents( 4164): RecentsTransitionHandler.startAnimation: no controller found
09-25 23:10:17.174 V/WindowManagerShell( 4164): Transition doesn't have explicit remote, search filters for match for {id=15936 t=OPEN f=0x0 trk=0 r=[0@Point(0, 0)] c=[{m=TO_FRONT f=MOVE_TO_TOP leash=Surface(name=Task=18983#251604)/@0x4cf41a4 sb=Rect(0, 0 - 1080, 2400) eb=Rect(0, 0 - 1080, 2400) epz=Point(1080, 2400) d=0 taskParent=-1},{m=TO_BACK f=NONE leash=Surface(name=Task=18980#250448)/@0xb171b0d sb=Rect(0, 0 - 1080, 2400) eb=Rect(0, 0 - 1080, 2400) epz=Point(1080, 2400) d=0 taskParent=-1}]}
09-25 23:10:17.174 V/WindowManagerShell( 4164):  Checking filter Pair{{types=[OPEN,TO_FRONT] flags=0x0] notFlags=0x100 checks=[{atype=standard independent=true modes=[OPEN,TO_FRONT] flags=NONE mustBeTask=false order=TOP topActivity=null launchCookie=null windowingMode=undefined},{atype=home independent=true modes=[CLOSE,TO_BACK] flags=NONE mustBeTask=false order=ANY topActivity=ComponentInfo{com.meizu.flyme.launcher/com.android.launcher3.uioverrides.QuickstepLauncher} launchCookie=null windowingMode=undefined}]} RemoteTransition { remoteTransition = android.window.IRemoteTransition$Stub$Proxy@956c7ec, appThread = android.app.IApplicationThread$Stub$Proxy@76537b5, debugName = QuickstepLaunchApp }}
09-25 23:10:17.174 V/WindowManagerShell( 4164):  Checking filter Pair{{types=[] flags=0x0] notFlags=0x100 checks=[{atype=home independent=true modes=[OPEN,TO_FRONT] flags=NONE mustBeTask=false order=TOP topActivity=ComponentInfo{com.meizu.flyme.launcher/com.android.launcher3.uioverrides.QuickstepLauncher} launchCookie=null windowingMode=undefined},{atype=standard independent=true modes=[CLOSE,TO_BACK] flags=NONE mustBeTask=false order=ANY topActivity=null launchCookie=null windowingMode=undefined},{NOT atype=undefined independent=true modes=[] flags=NONE mustBeTask=true order=ANY topActivity=null launchCookie=null customAnim=true windowingMode=undefined}]} RemoteTransition { remoteTransition = android.window.IRemoteTransition$Stub$Proxy@8100e4a, appThread = android.app.IApplicationThread$Stub$Proxy@a6cd1bb, debugName = QuickstepLaunchHome }}
09-25 23:10:17.174 V/WindowManagerShell( 4164):  Delegate animation for (#15936) to null
09-25 23:10:17.174 V/WindowManagerShell( 4164): start default transition animation, info = {id=15936 t=OPEN f=0x0 trk=0 r=[0@Point(0, 0)] c=[{m=TO_FRONT f=MOVE_TO_TOP leash=Surface(name=Task=18983#251604)/@0x4cf41a4 sb=Rect(0, 0 - 1080, 2400) eb=Rect(0, 0 - 1080, 2400) epz=Point(1080, 2400) d=0 taskParent=-1},{m=TO_BACK f=NONE leash=Surface(name=Task=18980#250448)/@0xb171b0d sb=Rect(0, 0 - 1080, 2400) eb=Rect(0, 0 - 1080, 2400) epz=Point(1080, 2400) d=0 taskParent=-1}]}
09-25 23:10:17.175 V/WindowManagerShell( 4164): loadAnimation: anim=android.view.animation.AnimationSet@bf5d72f animAttr=0x9 type=OPEN isEntrance=false
09-25 23:10:17.175 I/ndroid.systemui( 4164): AssetManager2(0xb40000789b7a56f8) locale list changing from [] to [zh-CN]
09-25 23:10:17.177 E/HWComposer( 1664): getLuts: getLuts failed for display 4630946981250209410: UNSUPPORTED (8)
09-25 23:10:17.181 V/WindowManager( 3025): Sent Transition (#15936) createdAt=09-25 23:10:17.086 via request=TransitionRequestInfo { type = OPEN, triggerTask = TaskInfo{userId=0 taskId=18983 effectiveUid=10216 displayId=0 isRunning=true baseIntent=Intent { flg=0x10000000 cmp=com.github.android/.auth.SimplifiedLoginActivity } baseActivity=ComponentInfo{com.github.android/com.github.android.auth.SimplifiedLoginActivity} topActivity=ComponentInfo{com.github.android/net.openid.appauth.RedirectUriReceiverActivity} origActivity=null realActivity=ComponentInfo{com.github.android/com.github.android.auth.SimplifiedLoginActivity} numActivities=3 lastActiveTime=299601385 supportsMultiWindow=true resizeMode=1 isResizeable=true minWidth=-1 minHeight=-1 defaultMinSize=220 token=WCT{RemoteToken{f2421a7 Task{741aad #18983 type=standard A=10216:com.github.android}}} topActivityType=1 pictureInPictureParams=null shouldDockBigOverlays=false launchIntoPipHostTaskId=-1 lastParentTaskIdBeforePip=-1 displayCutoutSafeInsets=Rect(0, 116 - 0, 0) topActivityInfo=ActivityInfo{f83f09b net.openid.appauth.RedirectUriReceiverActivity} launchCookies=[android.os.BinderProxy@2aa673c] positionInParent=Point(0, 0) parentTaskId=-1 isFocused=false isVisible=false isVisibleRequested=false isTopActivityNoDisplay=false isSleeping=false locusId=null displayAreaFeatureId=1 isTopActivityTransparent=false isActivityStackTransparent=false lastNonFullscreenBounds=Rect(285, 718 - 795, 1798) capturedLink=null capturedLinkTimestamp=0 requestedVisibleTypes=-9 topActivityRequestOpenInBrowserEducationTimestamp=0 appCompatTaskInfo=AppCompatTaskInfo { topActivityInSizeCompat=false eligibleForLetterboxEducation= false isLetterboxEducationEnabled= false isLetterboxDoubleTapEnabled= false eligibleForUserAspectRatioButton= false topActivityBoundsLetterboxed= false isFromLetterboxDoubleTap= false topActivityLetterboxVerticalPosition= -1 topActivityLetterboxHorizontalPosition= -1 topActivityLetterboxWidth=-1 topActivityLetterboxHeight=-1 topActivityAppBounds=Rect(0, 0 - 1080, 2400) isUserFullscreenOverrideEnabled=false isSystemFullscreenOverrideEnabled=false hasMinAspectRatioOverride=false topActivityLetterboxBounds=null cameraCompatTaskInfo=CameraCompatTaskInfo { freeformCameraCompatMode=inactive}} topActivityMainWindowFrame=null}, pipChange = null, remoteTransition = null, displayChange = null, flags = 0, debugId = 15936 }
09-25 23:10:17.181 V/WindowManager( 3025):     startWCT=WindowContainerTransaction { changes= {} hops= [] errorCallbackToken=null taskFragmentOrganizer=null }
09-25 23:10:17.181 V/WindowManager( 3025):     info={id=15936 t=OPEN f=0x0 trk=0 r=[0@Point(0, 0)] c=[
09-25 23:10:17.181 V/WindowManager( 3025):         {WCT{RemoteToken{f2421a7 Task{741aad #18983 type=standard A=10216:com.github.android}}} m=TO_FRONT f=MOVE_TO_TOP leash=Surface(name=Task=18983#251604)/@0x5e41e2 sb=Rect(0, 0 - 1080, 2400) eb=Rect(0, 0 - 1080, 2400) epz=Point(1080, 2400) d=0 taskParent=-1},
09-25 23:10:17.181 V/WindowManager( 3025):         {WCT{RemoteToken{30be9f Task{25a7bb8 #18980 type=standard A=10230:com.microsoft.emmx}}} m=TO_BACK f=NONE leash=Surface(name=Task=18980#250448)/@0x686902a sb=Rect(0, 0 - 1080, 2400) eb=Rect(0, 0 - 1080, 2400) epz=Point(1080, 2400) d=0 taskParent=-1}
09-25 23:10:17.181 V/WindowManager( 3025):     ]}
09-25 23:10:17.185 D/BackgroundInstallControlService( 3025): Package event received: 0
09-25 23:10:17.185 D/ActivityManager( 3025): check TYPE_FREEZE_FGS: false, uid UidRecord{dd2230c u0a216 TOP  not-working change:procadj procs:0 seq(4398682,4398681)} caps=LCMNFUAT, hasFgs false, isCurWorkingState false, allowlist false
09-25 23:10:17.185 D/FuzzyLocationMonitor(21166): onForegroundActivitiesChanged pid=24966,uid=10216,foregroundActivities=true
09-25 23:10:17.187 D/MzMobileDataTurboTracker(26308):  

============================================================

--- Trigger point at line 23869 ---
09-25 23:10:17.232 D/FuzzyLocationMonitor(21166): resultcom.github.android move to front
09-25 23:10:17.232 W/Thanox-Core( 3025): ActivityStartInterceptor launchOtherAppMode: 0
09-25 23:10:17.233 V/GrammaticalInflectionUtils( 3025): AttributionSource: android.content.AttributionSource@136ccc96 does not have READ_SYSTEM_GRAMMATICAL_GENDER permission.
09-25 23:10:17.233 W/OptProp ( 3025): Cannot read opt property android.window.PROPERTY_COMPAT_ALLOW_RESIZEABLE_ACTIVITY_OVERRIDES
09-25 23:10:17.234 W/[Profile]( 3025): [记录后台] Edge @ 2026 年 09 月 25 日 23 时 10 分 17 秒
09-25 23:10:17.234 W/OptProp ( 3025): Cannot read opt property android.window.PROPERTY_COMPAT_ALLOW_MIN_ASPECT_RATIO_OVERRIDE
09-25 23:10:17.234 W/[Profile]( 3025): MVELRuleExt, to execute: 20 分钟后清理后台 delay: 1200000
09-25 23:10:17.234 W/Thanox-Core( 3025): DelayHandler-Profile-Rule-20 分钟后清理后台-1790349017234 post: 1200000
09-25 23:10:17.235 W/[Profile]( 3025): publishFactsInternal, reason: activityResumed: ComponentInfo{com.github.android/net.openid.appauth.RedirectUriReceiverActivity}
09-25 23:10:17.236 D/ActivityTrigger( 3025): ActivityTrigger activityPauseTrigger 
09-25 23:10:17.238 V/WindowManagerShell( 4164): Transition requested (#15937): android.os.BinderProxy@540c335 TransitionRequestInfo { type = OPEN, triggerTask = TaskInfo{userId=0 taskId=18983 effectiveUid=10216 displayId=0 isRunning=true baseIntent=Intent { flg=0x10000000 cmp=com.github.android/.auth.SimplifiedLoginActivity } baseActivity=ComponentInfo{com.github.android/com.github.android.auth.SimplifiedLoginActivity} topActivity=ComponentInfo{com.github.android/net.openid.appauth.AuthorizationManagementActivity} origActivity=null realActivity=ComponentInfo{com.github.android/com.github.android.auth.SimplifiedLoginActivity} numActivities=2 lastActiveTime=299608869 supportsMultiWindow=true resizeMode=1 isResizeable=true minWidth=-1 minHeight=-1 defaultMinSize=220 token=WCT{android.window.IWindowContainerToken$Stub$Proxy@80b73ca} topActivityType=1 pictureInPictureParams=null shouldDockBigOverlays=false launchIntoPipHostTaskId=-1 lastParentTaskIdBeforePip=-1 displayCutoutSafeInsets=Rect(0, 116 - 0, 0) topActivityInfo=ActivityInfo{264093b net.openid.appauth.AuthorizationManagementActivity} launchCookies=[android.os.BinderProxy@a557712] positionInParent=Point(0, 0) parentTaskId=-1 isFocused=true isVisible=true isVisibleRequested=false isTopActivityNoDisplay=false isSleeping=false locusId=null displayAreaFeatureId=1 isTopActivityTransparent=true isActivityStackTransparent=false lastNonFullscreenBounds=Rect(285, 718 - 795, 1798) capturedLink=null capturedLinkTimestamp=0 requestedVisibleTypes=-9 topActivityRequestOpenInBrowserEducationTimestamp=0 appCompatTaskInfo=AppCompatTaskInfo { topActivityInSizeCompat=false eligibleForLetterboxEducation= false isLetterboxEducationEnabled= false isLetterboxDoubleTapEnabled= false eligibleForUserAspectRatioButton= false topActivityBoundsLetterboxed= false isFromLetterboxDoubleTap= false topActivityLetterboxVerticalPosition= -1 topActivityLetterboxHorizontalPosition= -1 topActivityLetterboxWidth=-1 topActivityLetterboxHeight=-1 topActivityAppBounds=Rect(0, 0 - 1080, 2400) isUserFullscreenOverrideEnabled=false isSystemFullscreenOverrideEnabled=false hasMinAspectRatioOverride=false topActivityLetterboxBounds=null cameraCompatTaskInfo=CameraCompatTaskInfo { freeformCameraCompatMode=inactive}} topActivityMainWindowFrame=null}, pipChange = null, remoteTransition = null, displayChange = null, flags = 0, debugId = 15937 }
09-25 23:10:17.238 D/ShellSplitScreen( 4164): logExit: no-op, mLoggerSessionId is null
09-25 23:10:17.239 I/ActivityTaskManager( 3025): START u0 {dat=github://com.github.android/... flg=0x24000000 xflg=0x4 cmp=com.github.android/net.openid.appauth.AuthorizationManagementActivity} with LAUNCH_SINGLE_TASK from uid 10216 pid 24966 callingPackage com.github.android (sr=21480538) (BAL_ALLOW_VISIBLE_WINDOW) result code=3 moveToFront=transientHide
09-25 23:10:17.240 W/ActivityTaskManager( 3025): Duplicate finish request for r=ActivityRecord{21480538 u0 com.github.android/net.openid.appauth.RedirectUriReceiverActivity t18983 f}}
09-25 23:10:17.240 D/WindowManagerShell( 4164): onActivityRestartAttempt: topActivity=ComponentInfo{com.github.android/net.openid.appauth.AuthorizationManagementActivity}, wasVisible=false
09-25 23:10:17.240 E/ANDR-PERF-UTIL( 1606): ANDR-PERF-UTIL: change_node_val() 319: Failed to update node /sys/devices/system/cpu/bus_dcvs/L3/soc:qcom,memlat:l3:prime/min_freq with value 307200
09-25 23:10:17.240 E/ANDR-PERF-RESOURCEQS( 1606): ANDR-PERF-RESOURCEQS: RemoveAndApply() 292: Failed to reset optimization here [13, 22]
09-25 23:10:17.240 E/ANDR-PERF-UTIL( 1606): ANDR-PERF-UTIL: change_node_val() 319: Failed to update node /sys/devices/system/cpu/bus_dcvs/DDR/soc:qcom,memlat:ddr:gold/min_freq with value 547000
09-25 23:10:17.240 E/ANDR-PERF-RESOURCEQS( 1606): ANDR-PERF-RESOURCEQS: RemoveAndApply() 292: Failed to reset optimization here [13, 34]
09-25 23:10:17.241 E/ANDR-PERF-UTIL( 1606): ANDR-PERF-UTIL: change_node_val() 319: Failed to update node /sys/devices/system/cpu/bus_dcvs/LLCC/240b6400.qcom,bwmon-llcc/min_freq with value 300000

============================================================

--- Trigger point at line 23898 ---
09-25 23:10:17.244 D/AppEventMonitor( 8006): state: pause, windowingMode: 1, displayId: 0, packageName: com.github.android, className: net.openid.appauth.RedirectUriReceiverActivity
09-25 23:10:17.244 D/MzMobileDataTurboTracker(26308): uid = 10216 state = pause
09-25 23:10:17.244 D/MzMobileDataTurboTracker(26308): packageName = com.github.android mClassName = net.openid.appauth.RedirectUriReceiverActivity
09-25 23:10:17.244 D/MzMobileDataTurboTracker(26308): mWindowingMode = 1
09-25 23:10:17.244 D/MzMobileDataTurboTracker(26308): removeActivityFromUIDInfo: uid = 10216
09-25 23:10:17.244 D/MzMobileDataTurboTracker(26308): Activity =  mPackageName:com.github.android mState:pause mClassName:net.openid.appauth.RedirectUriReceiverActivity mTaskId:18983 mPid:24966 mUID:10216 mWindowingMode:1
09-25 23:10:17.244 D/MzMobileDataTurboTracker(26308): activity: com.github.android:net.openid.appauth.RedirectUriReceiverActivity remove success
09-25 23:10:17.244 D/MzMobileDataTurboTracker(26308): info =  mUID = 10216 mOnResumeActivityMap = {} mOnResumeActivityCount = 0
09-25 23:10:17.244 D/AppLocker( 3025): isPopupUnlockingActivity::begin: com.github.android/net.openid.appauth.AuthorizationManagementActivity/Intent { flg=0x10000000 xflg=0x4 cmp=com.github.android/net.openid.appauth.AuthorizationManagementActivity (has extras) }
09-25 23:10:17.244 D/AppLocker( 3025): isPopupUnlockingActivity::end: ,/false/false
09-25 23:10:17.244 D/AppLocker( 3025): isPopupUnlockingActivity::begin: com.github.android/com.github.android.auth.SimplifiedLoginActivity/Intent { flg=0x10000000 xflg=0x4 cmp=com.github.android/.auth.SimplifiedLoginActivity (has extras) }
09-25 23:10:17.244 D/AppLocker( 3025): isPopupUnlockingActivity::end: ,/false/false
09-25 23:10:17.244 V/NetworkPolicy( 3025): 10216 state changed to TOP ,seq=4398766,cap=LCMNFUAT
09-25 23:10:17.245 V/WindowManager( 3025): Moving existing starting Window{78a0f91 u0 Splash Screen com.github.android} from ActivityRecord{21480538 u0 com.github.android/net.openid.appauth.RedirectUriReceiverActivity t18983 f}} to ActivityRecord{96349044 u0 com.github.android/net.openid.appauth.AuthorizationManagementActivity t18983}
09-25 23:10:17.245 D/MzMobileDataTurboTracker(26308): handleMessage: msg={ when=0 what=1002 obj=10216 target=com.meizu.phone.MzMobileDataTurboTracker }
09-25 23:10:17.245 D/MzMobileDataTurboTracker(26308): uid: 10216 resumedCount = 0
09-25 23:10:17.246 D/WindowModeClient( 7968): handleQuickPayWindowState: com.github.android net.openid.appauth.RedirectUriReceiverActivity pause 1
09-25 23:10:17.246 D/WindowModeClient( 7968): onActivityStateChange: com.github.android net.openid.appauth.RedirectUriReceiverActivity Bundle[{taskId=18983, userId=0, className=net.openid.appauth.RedirectUriReceiverActivity, pid=24966, uid=10216, state=pause, displayId=0, packageName=com.github.android, windowingMode=1}]
09-25 23:10:17.247 D/BackgroundInstallControlService( 3025): Package event received: 0
09-25 23:10:17.248 D/AppLocker( 3025): isPopupUnlockingActivity::begin: com.github.android/net.openid.appauth.AuthorizationManagementActivity/Intent { flg=0x10000000 xflg=0x4 cmp=com.github.android/net.openid.appauth.AuthorizationManagementActivity (has extras) }

============================================================

--- Trigger point at line 23909 ---
09-25 23:10:17.244 D/AppLocker( 3025): isPopupUnlockingActivity::end: ,/false/false
09-25 23:10:17.244 V/NetworkPolicy( 3025): 10216 state changed to TOP ,seq=4398766,cap=LCMNFUAT
09-25 23:10:17.245 V/WindowManager( 3025): Moving existing starting Window{78a0f91 u0 Splash Screen com.github.android} from ActivityRecord{21480538 u0 com.github.android/net.openid.appauth.RedirectUriReceiverActivity t18983 f}} to ActivityRecord{96349044 u0 com.github.android/net.openid.appauth.AuthorizationManagementActivity t18983}
09-25 23:10:17.245 D/MzMobileDataTurboTracker(26308): handleMessage: msg={ when=0 what=1002 obj=10216 target=com.meizu.phone.MzMobileDataTurboTracker }
09-25 23:10:17.245 D/MzMobileDataTurboTracker(26308): uid: 10216 resumedCount = 0
09-25 23:10:17.246 D/WindowModeClient( 7968): handleQuickPayWindowState: com.github.android net.openid.appauth.RedirectUriReceiverActivity pause 1
09-25 23:10:17.246 D/WindowModeClient( 7968): onActivityStateChange: com.github.android net.openid.appauth.RedirectUriReceiverActivity Bundle[{taskId=18983, userId=0, className=net.openid.appauth.RedirectUriReceiverActivity, pid=24966, uid=10216, state=pause, displayId=0, packageName=com.github.android, windowingMode=1}]
09-25 23:10:17.247 D/BackgroundInstallControlService( 3025): Package event received: 0
09-25 23:10:17.248 D/AppLocker( 3025): isPopupUnlockingActivity::begin: com.github.android/net.openid.appauth.AuthorizationManagementActivity/Intent { flg=0x10000000 xflg=0x4 cmp=com.github.android/net.openid.appauth.AuthorizationManagementActivity (has extras) }
09-25 23:10:17.248 D/AppLocker( 3025): isPopupUnlockingActivity::end: ,/false/false
09-25 23:10:17.248 D/AppLocker( 3025): isPopupUnlockingActivity::begin: com.github.android/com.github.android.auth.SimplifiedLoginActivity/Intent { flg=0x10000000 xflg=0x4 cmp=com.github.android/.auth.SimplifiedLoginActivity (has extras) }
09-25 23:10:17.248 D/AppLocker( 3025): isPopupUnlockingActivity::end: ,/false/false
09-25 23:10:17.249 D/AppLocker( 3025): isPopupUnlockingActivity::begin: com.github.android/net.openid.appauth.AuthorizationManagementActivity/Intent { flg=0x10000000 xflg=0x4 cmp=com.github.android/net.openid.appauth.AuthorizationManagementActivity (has extras) }
09-25 23:10:17.249 D/AppLocker( 3025): isPopupUnlockingActivity::end: ,/false/false
09-25 23:10:17.249 D/AppLocker( 3025): isPopupUnlockingActivity::begin: com.github.android/com.github.android.auth.SimplifiedLoginActivity/Intent { flg=0x10000000 xflg=0x4 cmp=com.github.android/.auth.SimplifiedLoginActivity (has extras) }
09-25 23:10:17.249 D/AppLocker( 3025): isPopupUnlockingActivity::end: ,/false/false
09-25 23:10:17.251 E/ANDR-PERF-RESOURCEQS( 1606): ANDR-PERF-RESOURCEQS: AddAndApply() 167: Failed to apply optimization [2, 1]
09-25 23:10:17.251 E/ANDR-PERF-RESOURCEQS( 1606): ANDR-PERF-RESOURCEQS: AddAndApply() 167: Failed to apply optimization [2, 1]
09-25 23:10:17.251 E/ANDR-PERF-RESOURCEQS( 1606): ANDR-PERF-RESOURCEQS: AddAndApply() 167: Failed to apply optimization [2, 1]
09-25 23:10:17.251 E/ANDR-PERF-RESOURCEQS( 1606): ANDR-PERF-RESOURCEQS: AddAndApply() 167: Failed to apply optimization [2, 0]

============================================================

--- Trigger point at line 23913 ---
09-25 23:10:17.245 D/MzMobileDataTurboTracker(26308): uid: 10216 resumedCount = 0
09-25 23:10:17.246 D/WindowModeClient( 7968): handleQuickPayWindowState: com.github.android net.openid.appauth.RedirectUriReceiverActivity pause 1
09-25 23:10:17.246 D/WindowModeClient( 7968): onActivityStateChange: com.github.android net.openid.appauth.RedirectUriReceiverActivity Bundle[{taskId=18983, userId=0, className=net.openid.appauth.RedirectUriReceiverActivity, pid=24966, uid=10216, state=pause, displayId=0, packageName=com.github.android, windowingMode=1}]
09-25 23:10:17.247 D/BackgroundInstallControlService( 3025): Package event received: 0
09-25 23:10:17.248 D/AppLocker( 3025): isPopupUnlockingActivity::begin: com.github.android/net.openid.appauth.AuthorizationManagementActivity/Intent { flg=0x10000000 xflg=0x4 cmp=com.github.android/net.openid.appauth.AuthorizationManagementActivity (has extras) }
09-25 23:10:17.248 D/AppLocker( 3025): isPopupUnlockingActivity::end: ,/false/false
09-25 23:10:17.248 D/AppLocker( 3025): isPopupUnlockingActivity::begin: com.github.android/com.github.android.auth.SimplifiedLoginActivity/Intent { flg=0x10000000 xflg=0x4 cmp=com.github.android/.auth.SimplifiedLoginActivity (has extras) }
09-25 23:10:17.248 D/AppLocker( 3025): isPopupUnlockingActivity::end: ,/false/false
09-25 23:10:17.249 D/AppLocker( 3025): isPopupUnlockingActivity::begin: com.github.android/net.openid.appauth.AuthorizationManagementActivity/Intent { flg=0x10000000 xflg=0x4 cmp=com.github.android/net.openid.appauth.AuthorizationManagementActivity (has extras) }
09-25 23:10:17.249 D/AppLocker( 3025): isPopupUnlockingActivity::end: ,/false/false
09-25 23:10:17.249 D/AppLocker( 3025): isPopupUnlockingActivity::begin: com.github.android/com.github.android.auth.SimplifiedLoginActivity/Intent { flg=0x10000000 xflg=0x4 cmp=com.github.android/.auth.SimplifiedLoginActivity (has extras) }
09-25 23:10:17.249 D/AppLocker( 3025): isPopupUnlockingActivity::end: ,/false/false
09-25 23:10:17.251 E/ANDR-PERF-RESOURCEQS( 1606): ANDR-PERF-RESOURCEQS: AddAndApply() 167: Failed to apply optimization [2, 1]
09-25 23:10:17.251 E/ANDR-PERF-RESOURCEQS( 1606): ANDR-PERF-RESOURCEQS: AddAndApply() 167: Failed to apply optimization [2, 1]
09-25 23:10:17.251 E/ANDR-PERF-RESOURCEQS( 1606): ANDR-PERF-RESOURCEQS: AddAndApply() 167: Failed to apply optimization [2, 1]
09-25 23:10:17.251 E/ANDR-PERF-RESOURCEQS( 1606): ANDR-PERF-RESOURCEQS: AddAndApply() 167: Failed to apply optimization [2, 0]
09-25 23:10:17.251 E/ANDR-PERF-RESOURCEQS( 1606): ANDR-PERF-RESOURCEQS: AddAndApply() 167: Failed to apply optimization [2, 0]
09-25 23:10:17.251 E/ANDR-PERF-RESOURCEQS( 1606): ANDR-PERF-RESOURCEQS: AddAndApply() 167: Failed to apply optimization [2, 0]
09-25 23:10:17.251 E/ANDR-PERF-UTIL( 1606): ANDR-PERF-UTIL: change_node_val() 319: Failed to update node /sys/devices/system/cpu/bus_dcvs/LLCC/240b6400.qcom,bwmon-llcc/min_freq with value 1066000
09-25 23:10:17.251 E/ANDR-PERF-RESOURCEQS( 1606): ANDR-PERF-RESOURCEQS: AddAndApply() 167: Failed to apply optimization [6, 17]

============================================================

--- Trigger point at line 23930 ---
09-25 23:10:17.251 E/ANDR-PERF-RESOURCEQS( 1606): ANDR-PERF-RESOURCEQS: AddAndApply() 167: Failed to apply optimization [2, 0]
09-25 23:10:17.251 E/ANDR-PERF-UTIL( 1606): ANDR-PERF-UTIL: change_node_val() 319: Failed to update node /sys/devices/system/cpu/bus_dcvs/LLCC/240b6400.qcom,bwmon-llcc/min_freq with value 1066000
09-25 23:10:17.251 E/ANDR-PERF-RESOURCEQS( 1606): ANDR-PERF-RESOURCEQS: AddAndApply() 167: Failed to apply optimization [6, 17]
09-25 23:10:17.251 E/ANDR-PERF-LM( 1606): MetaMeter: handleAsync() 166: AdaptLaunch Invalid Async
09-25 23:10:17.252 E/ANDR-PERF-UTIL( 1606): ANDR-PERF-UTIL: change_node_val() 319: Failed to update node /sys/devices/system/cpu/bus_dcvs/DDR/soc:qcom,memlat:ddr:gold/min_freq with value 4200000
09-25 23:10:17.253 E/ANDR-PERF-RESOURCEQS( 1606): ANDR-PERF-RESOURCEQS: AddAndApply() 167: Failed to apply optimization [13, 34]
09-25 23:10:17.253 E/ANDR-PERF-UTIL( 1606): ANDR-PERF-UTIL: change_node_val() 319: Failed to update node /sys/devices/system/cpu/bus_dcvs/L3/soc:qcom,memlat:l3:prime/min_freq with value 1804800
09-25 23:10:17.253 E/ANDR-PERF-RESOURCEQS( 1606): ANDR-PERF-RESOURCEQS: AddAndApply() 167: Failed to apply optimization [13, 22]
09-25 23:10:17.253 D/AppLocker( 3025): isPopupUnlockingActivity::begin: com.github.android/net.openid.appauth.AuthorizationManagementActivity/Intent { flg=0x10000000 xflg=0x4 cmp=com.github.android/net.openid.appauth.AuthorizationManagementActivity (has extras) }
09-25 23:10:17.253 D/AppLocker( 3025): isPopupUnlockingActivity::end: ,/false/false
09-25 23:10:17.253 D/AppLocker( 3025): isPopupUnlockingActivity::begin: com.github.android/com.github.android.auth.SimplifiedLoginActivity/Intent { flg=0x10000000 xflg=0x4 cmp=com.github.android/.auth.SimplifiedLoginActivity (has extras) }
09-25 23:10:17.253 D/AppLocker( 3025): isPopupUnlockingActivity::end: ,/false/false
09-25 23:10:17.257 D/FlymeDisplayController( 3025): top window = Window{200197d u0 com.github.android/net.openid.appauth.AuthorizationManagementActivity} , windowtype = 1
09-25 23:10:17.257 D/WindowModeClient( 7968): handleQuickPayWindowState: com.github.android net.openid.appauth.AuthorizationManagementActivity resume 1
09-25 23:10:17.258 D/MzMobileDataTurboTracker(26308):  
09-25 23:10:17.258 D/MzMobileDataTurboTracker(26308):  
09-25 23:10:17.258 D/WindowModeClient( 7968): onActivityStateChange: com.github.android net.openid.appauth.AuthorizationManagementActivity Bundle[{taskId=18983, userId=0, className=net.openid.appauth.AuthorizationManagementActivity, pid=24966, uid=10216, state=resume, displayId=0, packageName=com.github.android, windowingMode=1}]
09-25 23:10:17.258 D/MzMobileDataTurboTracker(26308): uid = 10216 state = resume
09-25 23:10:17.258 D/MzMobileDataTurboTracker(26308): packageName = com.github.android mClassName = net.openid.appauth.AuthorizationManagementActivity
09-25 23:10:17.258 D/MzMobileDataTurboTracker(26308): mWindowingMode = 1

============================================================

--- Trigger point at line 23951 ---
09-25 23:10:17.258 D/MzMobileDataTurboTracker(26308): Activity =  mPackageName:com.github.android mState:resume mClassName:net.openid.appauth.AuthorizationManagementActivity mTaskId:18983 mPid:24966 mUID:10216 mWindowingMode:1
09-25 23:10:17.258 D/MzMobileDataTurboTracker(26308): activity: com.github.android:net.openid.appauth.AuthorizationManagementActivity add success
09-25 23:10:17.258 D/MzMobileDataTurboTracker(26308): info =  mUID = 10216 mOnResumeActivityMap = {com.github.android:net.openid.appauth.AuthorizationManagementActivity= mPackageName:com.github.android mState:resume mClassName:net.openid.appauth.AuthorizationManagementActivity mTaskId:18983 mPid:24966 mUID:10216 mWindowingMode:1} mOnResumeActivityCount = 1
09-25 23:10:17.258 D/AppEventMonitor( 8006): state: resume, windowingMode: 1, displayId: 0, packageName: com.github.android, className: net.openid.appauth.AuthorizationManagementActivity
09-25 23:10:17.258 D/MzMobileDataTurboTracker(26308): handleMessage: msg={ when=-1ms what=1001 obj=10216 target=com.meizu.phone.MzMobileDataTurboTracker }
09-25 23:10:17.258 D/MzMobileDataTurboTracker(26308): resumed uid=10216
09-25 23:10:17.258 D/MzMobileDataTurboTracker(26308): uid: 10216 resumedCount = 1
09-25 23:10:17.259 I/DefaultDailyUsageEventHandler( 8006): handleFullScreenWindowEvent, DailyUsageWindowMessage(requestTime=1790349017258, packageName=com.github.android)
09-25 23:10:17.259 I/DefaultDailyUsageEventHandler( 8006): is same day
09-25 23:10:17.259 W/AppUsage( 8006): end timeUsage, time：70 full_screen_window com.github.android end time 2026/09/25 23:10:17 start time 2026/09/25 23:10:17
09-25 23:10:17.259 D/AppEventMonitor( 8006): state: started, windowingMode: 1, displayId: 0, packageName: com.github.android, className: com.github.android.auth.SimplifiedLoginActivity
09-25 23:10:17.259 D/DefaultDailyUsageRepository( 8006): add time usage mode 0 user id -1  starttime 1790349017188  endtime 1790349017258  
09-25 23:10:17.259 I/AppUsage( 8006): set running time usage,full_screen_window com.github.android start time 2026/09/25 23:10:17
09-25 23:10:17.259 I/DefaultDailyUsageRepository( 8006): com.github.android 2026/09/25 23:10:17 start running  2026/09/25 23:10:17
09-25 23:10:17.259 W/Thanox-Core( 3025): reportOnActivityResumed: Intent { cmp=com.github.android/net.openid.appauth.AuthorizationManagementActivity }, user: 0
09-25 23:10:17.260 W/Thanox-Core( 3025): onActivityResumedInternal: Intent { cmp=com.github.android/net.openid.appauth.AuthorizationManagementActivity }
09-25 23:10:17.260 D/BackgroundInstallControlService( 3025): Package event received: 0
09-25 23:10:17.260 V/NetworkPolicy( 3025): 10216 state changed to TOP ,seq=4398771,cap=LCMNFUAT
09-25 23:10:17.261 D/ViewRootImpl(24966): Skipping stats log for color mode
09-25 23:10:17.261 D/BackgroundInstallControlService( 3025): Package event received: 0

============================================================

--- Trigger point at line 23966 ---
09-25 23:10:17.260 W/Thanox-Core( 3025): onActivityResumedInternal: Intent { cmp=com.github.android/net.openid.appauth.AuthorizationManagementActivity }
09-25 23:10:17.260 D/BackgroundInstallControlService( 3025): Package event received: 0
09-25 23:10:17.260 V/NetworkPolicy( 3025): 10216 state changed to TOP ,seq=4398771,cap=LCMNFUAT
09-25 23:10:17.261 D/ViewRootImpl(24966): Skipping stats log for color mode
09-25 23:10:17.261 D/BackgroundInstallControlService( 3025): Package event received: 0
09-25 23:10:17.262 W/[Profile]( 3025): publishFactsInternal, reason: frontActivityChanged: ComponentInfo{com.github.android/net.openid.appauth.RedirectUriReceiverActivity} --> ComponentInfo{com.github.android/net.openid.appauth.AuthorizationManagementActivity}
09-25 23:10:17.262 W/[Profile]( 3025): publishFactsInternal, reason: activityResumed: ComponentInfo{com.github.android/net.openid.appauth.AuthorizationManagementActivity}
09-25 23:10:17.263 D/MzMobileDataTurboTracker(26308):  
09-25 23:10:17.263 D/MzMobileDataTurboTracker(26308):  
09-25 23:10:17.263 D/MzMobileDataTurboTracker(26308): uid = 10216 state = started
09-25 23:10:17.263 D/MzMobileDataTurboTracker(26308): packageName = com.github.android mClassName = com.github.android.auth.SimplifiedLoginActivity
09-25 23:10:17.263 D/MzMobileDataTurboTracker(26308): mWindowingMode = 1
09-25 23:10:17.264 D/WindowModeClient( 7968): handleQuickPayWindowState: com.github.android com.github.android.auth.SimplifiedLoginActivity started 1
09-25 23:10:17.264 D/WindowModeClient( 7968): onActivityStateChange: com.github.android com.github.android.auth.SimplifiedLoginActivity Bundle[{taskId=18983, userId=0, className=com.github.android.auth.SimplifiedLoginActivity, pid=24966, uid=10216, state=started, displayId=0, packageName=com.github.android, windowingMode=1}]
09-25 23:10:17.264 D/CoreBackPreview( 3025): Window{278a4ac u0 com.github.android/com.github.android.auth.SimplifiedLoginActivity}: Setting back callback OnBackInvokedCallbackInfo{mCallback=android.window.IOnBackInvokedCallback$Stub$Proxy@4fe0346, mPriority=0, mIsAnimationCallback=true, mOverrideBehavior=0}
09-25 23:10:17.265 D/GM.MzGameModeController( 8006): *************************************8
09-25 23:10:17.265 D/GM.MzGameModeController( 8006): *************************************8
09-25 23:10:17.265 D/GM.MzGameModeController( 8006): *************************************8
09-25 23:10:17.265 D/GM.MzGameModeController( 8006): *************************************8
09-25 23:10:17.266 D/EngineManager(17695): onReceiver:APP_EVENT

============================================================

--- Trigger point at line 23968 ---
09-25 23:10:17.260 V/NetworkPolicy( 3025): 10216 state changed to TOP ,seq=4398771,cap=LCMNFUAT
09-25 23:10:17.261 D/ViewRootImpl(24966): Skipping stats log for color mode
09-25 23:10:17.261 D/BackgroundInstallControlService( 3025): Package event received: 0
09-25 23:10:17.262 W/[Profile]( 3025): publishFactsInternal, reason: frontActivityChanged: ComponentInfo{com.github.android/net.openid.appauth.RedirectUriReceiverActivity} --> ComponentInfo{com.github.android/net.openid.appauth.AuthorizationManagementActivity}
09-25 23:10:17.262 W/[Profile]( 3025): publishFactsInternal, reason: activityResumed: ComponentInfo{com.github.android/net.openid.appauth.AuthorizationManagementActivity}
09-25 23:10:17.263 D/MzMobileDataTurboTracker(26308):  
09-25 23:10:17.263 D/MzMobileDataTurboTracker(26308):  
09-25 23:10:17.263 D/MzMobileDataTurboTracker(26308): uid = 10216 state = started
09-25 23:10:17.263 D/MzMobileDataTurboTracker(26308): packageName = com.github.android mClassName = com.github.android.auth.SimplifiedLoginActivity
09-25 23:10:17.263 D/MzMobileDataTurboTracker(26308): mWindowingMode = 1
09-25 23:10:17.264 D/WindowModeClient( 7968): handleQuickPayWindowState: com.github.android com.github.android.auth.SimplifiedLoginActivity started 1
09-25 23:10:17.264 D/WindowModeClient( 7968): onActivityStateChange: com.github.android com.github.android.auth.SimplifiedLoginActivity Bundle[{taskId=18983, userId=0, className=com.github.android.auth.SimplifiedLoginActivity, pid=24966, uid=10216, state=started, displayId=0, packageName=com.github.android, windowingMode=1}]
09-25 23:10:17.264 D/CoreBackPreview( 3025): Window{278a4ac u0 com.github.android/com.github.android.auth.SimplifiedLoginActivity}: Setting back callback OnBackInvokedCallbackInfo{mCallback=android.window.IOnBackInvokedCallback$Stub$Proxy@4fe0346, mPriority=0, mIsAnimationCallback=true, mOverrideBehavior=0}
09-25 23:10:17.265 D/GM.MzGameModeController( 8006): *************************************8
09-25 23:10:17.265 D/GM.MzGameModeController( 8006): *************************************8
09-25 23:10:17.265 D/GM.MzGameModeController( 8006): *************************************8
09-25 23:10:17.265 D/GM.MzGameModeController( 8006): *************************************8
09-25 23:10:17.266 D/EngineManager(17695): onReceiver:APP_EVENT
09-25 23:10:17.266 D/GM.MzGameModeController( 8006): *************************************8
09-25 23:10:17.266 D/EngineManager(17695): notifyAppEventListener appInfo [Ljava.lang.String;@439dab3

============================================================

--- Trigger point at line 23969 ---
09-25 23:10:17.261 D/ViewRootImpl(24966): Skipping stats log for color mode
09-25 23:10:17.261 D/BackgroundInstallControlService( 3025): Package event received: 0
09-25 23:10:17.262 W/[Profile]( 3025): publishFactsInternal, reason: frontActivityChanged: ComponentInfo{com.github.android/net.openid.appauth.RedirectUriReceiverActivity} --> ComponentInfo{com.github.android/net.openid.appauth.AuthorizationManagementActivity}
09-25 23:10:17.262 W/[Profile]( 3025): publishFactsInternal, reason: activityResumed: ComponentInfo{com.github.android/net.openid.appauth.AuthorizationManagementActivity}
09-25 23:10:17.263 D/MzMobileDataTurboTracker(26308):  
09-25 23:10:17.263 D/MzMobileDataTurboTracker(26308):  
09-25 23:10:17.263 D/MzMobileDataTurboTracker(26308): uid = 10216 state = started
09-25 23:10:17.263 D/MzMobileDataTurboTracker(26308): packageName = com.github.android mClassName = com.github.android.auth.SimplifiedLoginActivity
09-25 23:10:17.263 D/MzMobileDataTurboTracker(26308): mWindowingMode = 1
09-25 23:10:17.264 D/WindowModeClient( 7968): handleQuickPayWindowState: com.github.android com.github.android.auth.SimplifiedLoginActivity started 1
09-25 23:10:17.264 D/WindowModeClient( 7968): onActivityStateChange: com.github.android com.github.android.auth.SimplifiedLoginActivity Bundle[{taskId=18983, userId=0, className=com.github.android.auth.SimplifiedLoginActivity, pid=24966, uid=10216, state=started, displayId=0, packageName=com.github.android, windowingMode=1}]
09-25 23:10:17.264 D/CoreBackPreview( 3025): Window{278a4ac u0 com.github.android/com.github.android.auth.SimplifiedLoginActivity}: Setting back callback OnBackInvokedCallbackInfo{mCallback=android.window.IOnBackInvokedCallback$Stub$Proxy@4fe0346, mPriority=0, mIsAnimationCallback=true, mOverrideBehavior=0}
09-25 23:10:17.265 D/GM.MzGameModeController( 8006): *************************************8
09-25 23:10:17.265 D/GM.MzGameModeController( 8006): *************************************8
09-25 23:10:17.265 D/GM.MzGameModeController( 8006): *************************************8
09-25 23:10:17.265 D/GM.MzGameModeController( 8006): *************************************8
09-25 23:10:17.266 D/EngineManager(17695): onReceiver:APP_EVENT
09-25 23:10:17.266 D/GM.MzGameModeController( 8006): *************************************8
09-25 23:10:17.266 D/EngineManager(17695): notifyAppEventListener appInfo [Ljava.lang.String;@439dab3
09-25 23:10:17.266 D/GM.MzGameModeController( 8006): *************************************8

============================================================

--- Trigger point at line 23970 ---
09-25 23:10:17.261 D/BackgroundInstallControlService( 3025): Package event received: 0
09-25 23:10:17.262 W/[Profile]( 3025): publishFactsInternal, reason: frontActivityChanged: ComponentInfo{com.github.android/net.openid.appauth.RedirectUriReceiverActivity} --> ComponentInfo{com.github.android/net.openid.appauth.AuthorizationManagementActivity}
09-25 23:10:17.262 W/[Profile]( 3025): publishFactsInternal, reason: activityResumed: ComponentInfo{com.github.android/net.openid.appauth.AuthorizationManagementActivity}
